latitude,longitude,brightness,scan,track,acq_date,acq_time,satellite,instrument,confidence,version,bright_t31,frp,daynight,type
49.5492,-123.9559,323.6,1.2,1.1,2006-03-27,1905,Terra,MODIS,72,6.03,282.1,33.8,D,0
48.561,-123.3917,302.4,1.4,1.2,2006-04-22,1942,Terra,MODIS,41,6.03,291.3,6.0,D,2
49.4474,-123.704,326.6,1.0,1.0,2006-04-24,1930,Terra,MODIS,0,6.03,293.0,25.9,D,0
49.4474,-123.7128,337.8,1.0,1.0,2006-04-24,2113,Aqua,MODIS,0,6.03,296.2,39.5,D,0
49.0532,-123.9274,304.4,1.0,1.0,2006-05-03,1924,Terra,MODIS,58,6.03,293.8,4.0,D,0
49.0558,-123.9346,305.9,1.0,1.0,2006-05-03,2107,Aqua,MODIS,62,6.03,295.7,4.7,D,0
49.2225,-122.5449,304.1,1.9,1.3,2006-05-09,2030,Aqua,MODIS,31,6.03,289.9,13.5,D,0
49.9708,-122.4376,300.1,1.0,1.0,2006-05-17,0603,Terra,MODIS,18,6.03,287.6,5.3,N,0
49.1731,-122.6804,309.9,2.0,1.4,2006-06-23,1955,Terra,MODIS,22,6.03,296.5,14.5,D,2
48.9105,-123.7346,312.0,1.1,1.0,2006-06-27,1930,Terra,MODIS,50,6.03,301.3,7.5,D,2
48.9092,-123.3863,348.5,1.5,1.2,2006-07-24,0539,Terra,MODIS,100,6.03,297.4,0.0,N,0
48.9052,-123.4058,330.0,1.5,1.2,2006-07-24,0539,Terra,MODIS,100,6.03,295.6,53.1,N,3
48.9081,-123.3927,317.4,1.1,1.0,2006-07-24,1912,Terra,MODIS,0,6.03,300.3,12.4,D,0
49.482,-123.7323,300.3,1.5,1.2,2006-08-03,1949,Terra,MODIS,0,6.03,286.4,7.1,D,0
49.1369,-122.3096,308.5,1.0,1.0,2006-08-16,1918,Terra,MODIS,0,6.03,297.1,6.1,D,2
49.9561,-122.0978,314.2,1.7,1.3,2006-08-19,2134,Aqua,MODIS,62,6.03,300.6,18.5,D,0
49.9576,-122.0794,314.4,1.7,1.3,2006-08-19,2134,Aqua,MODIS,65,6.03,300.6,18.8,D,0
49.9687,-122.0856,341.7,1.7,1.3,2006-08-19,2134,Aqua,MODIS,92,6.03,297.8,90.4,D,0
49.9674,-122.1024,340.8,1.7,1.3,2006-08-19,2134,Aqua,MODIS,91,6.03,299.3,86.9,D,0
49.9667,-122.09,358.2,1.7,1.3,2006-08-19,2134,Aqua,MODIS,99,6.03,301.2,167.5,D,0
49.9654,-122.107,327.2,1.7,1.3,2006-08-19,2134,Aqua,MODIS,82,6.03,300.5,45.0,D,0
49.1207,-122.62,323.5,1.6,1.2,2006-08-20,2038,Aqua,MODIS,79,6.03,305.2,24.0,D,0
49.1251,-122.5991,317.2,1.6,1.2,2006-08-20,2038,Aqua,MODIS,71,6.03,303.4,13.7,D,0
49.0415,-122.7774,309.6,2.0,1.4,2006-09-11,1955,Terra,MODIS,68,6.03,293.9,16.9,D,2
49.1886,-122.6241,300.4,1.2,1.1,2006-09-22,1936,Terra,MODIS,36,6.03,286.6,4.9,D,0
49.0396,-122.5965,307.1,2.0,1.4,2006-09-27,1954,Terra,MODIS,63,6.03,294.5,12.4,D,0
49.0383,-122.6029,311.6,2.0,1.4,2006-09-27,1954,Terra,MODIS,70,6.03,294.6,20.9,D,0
49.0377,-122.6086,313.2,1.9,1.3,2006-09-27,2140,Aqua,MODIS,72,6.03,295.3,20.7,D,0
49.0359,-122.6339,309.0,1.8,1.3,2006-09-27,2140,Aqua,MODIS,66,6.03,294.8,13.3,D,0
49.0722,-122.4654,305.8,1.5,1.2,2006-09-29,1942,Terra,MODIS,57,6.03,295.2,7.3,D,0
49.0741,-122.5854,304.3,1.0,1.0,2006-10-03,1918,Terra,MODIS,59,6.03,289.6,5.6,D,0
49.3477,-122.2369,304.8,1.1,1.0,2006-10-21,1905,Terra,MODIS,60,6.03,284.8,9.9,D,0
48.7828,-123.8843,322.0,1.6,1.2,2006-10-29,2140,Aqua,MODIS,75,6.03,281.2,45.3,D,0
48.3848,-123.7402,310.2,1.4,1.2,2006-10-30,1859,Terra,MODIS,66,6.03,279.6,20.7,D,0
48.9748,-123.9828,340.7,1.1,1.1,2006-11-09,1936,Terra,MODIS,92,6.03,275.5,59.5,D,0
48.9721,-123.9677,308.2,1.1,1.1,2006-11-09,1936,Terra,MODIS,67,6.03,274.7,15.5,D,0
48.5913,-123.5766,309.9,1.2,1.1,2006-11-11,0551,Terra,MODIS,44,6.03,275.2,16.7,N,0
49.133,-123.0167,301.6,1.0,1.0,2007-04-20,2109,Aqua,MODIS,36,6.03,288.4,3.2,D,2
49.7332,-123.0739,304.3,1.3,1.1,2007-05-11,2128,Aqua,MODIS,53,6.03,290.8,8.8,D,0
49.7841,-123.1631,304.2,1.2,1.1,2007-05-17,2051,Aqua,MODIS,58,6.03,289.9,8.4,D,0
49.7872,-123.1464,308.3,1.2,1.1,2007-05-17,2051,Aqua,MODIS,67,6.03,287.3,11.8,D,0
49.0578,-122.5034,310.4,1.1,1.0,2007-05-24,2057,Aqua,MODIS,48,6.03,299.6,5.8,D,0
49.7287,-122.0266,301.1,1.0,1.0,2007-07-09,1924,Terra,MODIS,16,6.03,289.2,3.4,D,0
49.0578,-122.4946,314.8,1.0,1.0,2007-07-09,1925,Terra,MODIS,69,6.03,301.5,7.2,D,2
48.8757,-123.5022,311.9,1.6,1.3,2007-07-10,0634,Terra,MODIS,84,6.03,290.9,22.3,N,0
49.0569,-122.5071,309.4,1.0,1.0,2007-07-25,1925,Terra,MODIS,55,6.03,296.4,4.9,D,0
49.7789,-123.1513,305.5,1.0,1.0,2007-08-10,2109,Aqua,MODIS,61,6.03,290.3,6.0,D,0
49.1301,-122.6047,311.4,1.6,1.2,2007-08-23,2038,Aqua,MODIS,71,6.03,294.8,12.7,D,0
49.1257,-122.6258,316.9,1.6,1.2,2007-08-23,2038,Aqua,MODIS,77,6.03,294.9,20.7,D,0
49.4822,-123.729,305.1,1.1,1.0,2007-08-24,2121,Aqua,MODIS,0,6.03,294.8,4.9,D,0
49.113,-122.5452,310.2,1.0,1.0,2007-09-18,0558,Terra,MODIS,80,6.03,279.5,14.0,N,0
48.403,-123.8002,310.3,3.2,1.7,2007-10-05,2013,Terra,MODIS,34,6.03,282.1,65.8,D,0
49.8299,-123.8328,307.1,2.4,1.5,2007-10-12,1841,Terra,MODIS,49,6.03,280.6,38.6,D,0
49.8264,-123.8525,311.0,3.4,1.7,2007-10-12,2019,Terra,MODIS,53,6.03,281.0,82.8,D,0
49.8372,-123.8439,306.6,3.4,1.7,2007-10-12,2019,Terra,MODIS,35,6.03,281.1,58.0,D,0
49.5003,-123.8131,318.3,1.5,1.2,2007-10-17,2044,Aqua,MODIS,69,6.03,281.3,32.8,D,0
49.4963,-123.8328,317.4,1.5,1.2,2007-10-17,2044,Aqua,MODIS,64,6.03,281.1,31.8,D,0
49.5023,-123.8203,330.6,1.5,1.2,2007-10-17,2044,Aqua,MODIS,79,6.03,281.2,58.5,D,0
48.8471,-123.7835,313.7,1.0,1.0,2007-10-18,0610,Terra,MODIS,88,6.03,271.0,17.6,N,0
48.8453,-123.7969,300.5,1.0,1.0,2007-10-18,0610,Terra,MODIS,29,6.03,269.1,9.1,N,0
48.5782,-123.5441,323.0,1.9,1.3,2007-10-19,1848,Terra,MODIS,0,6.03,274.4,62.2,D,0
49.1219,-123.9609,312.5,1.3,1.2,2007-10-24,2050,Aqua,MODIS,54,6.03,282.5,20.0,D,0
49.1183,-123.9662,312.2,1.3,1.2,2007-10-24,2050,Aqua,MODIS,44,6.03,282.7,19.2,D,0
48.5852,-123.6146,305.5,1.6,1.2,2007-10-25,1949,Terra,MODIS,61,6.03,280.6,18.6,D,0
48.5812,-123.5958,316.1,1.6,1.2,2007-10-25,1949,Terra,MODIS,76,6.03,279.9,33.6,D,0
48.5813,-123.601,323.9,1.6,1.2,2007-10-25,1949,Terra,MODIS,77,6.03,280.3,45.4,D,0
48.571,-123.5494,301.8,1.4,1.2,2007-10-25,2133,Aqua,MODIS,37,6.03,282.1,12.0,D,0
48.5863,-123.6087,305.1,1.4,1.2,2007-10-25,2133,Aqua,MODIS,31,6.03,281.9,12.7,D,0
48.5824,-123.6145,303.7,1.4,1.2,2007-10-25,2133,Aqua,MODIS,34,6.03,282.8,11.8,D,0
49.1153,-123.9769,310.6,1.3,1.1,2007-10-25,2133,Aqua,MODIS,70,6.03,282.7,19.7,D,0
49.1135,-123.9957,302.6,1.3,1.1,2007-10-25,2133,Aqua,MODIS,53,6.03,281.0,12.4,D,0
48.9447,-123.8478,320.2,1.0,1.0,2007-10-29,1924,Terra,MODIS,61,6.03,272.9,21.6,D,0
48.9367,-123.8572,305.5,1.0,1.0,2007-10-29,1924,Terra,MODIS,58,6.03,271.8,11.6,D,0
48.9347,-123.8438,317.0,1.0,1.0,2007-10-29,1924,Terra,MODIS,73,6.03,269.7,20.3,D,0
48.9381,-123.8584,301.3,3.7,1.8,2007-10-30,2013,Aqua,MODIS,46,6.03,274.6,53.3,D,0
48.9417,-123.857,303.3,2.3,1.5,2007-10-30,2151,Aqua,MODIS,52,6.03,278.3,29.2,D,0
48.953,-123.8897,306.2,2.3,1.5,2007-10-30,2151,Aqua,MODIS,59,6.03,276.8,34.8,D,0
48.9488,-123.8949,300.8,2.3,1.5,2007-10-30,2151,Aqua,MODIS,32,6.03,276.8,23.2,D,0
48.8619,-123.7826,320.1,1.8,1.3,2007-11-01,1955,Terra,MODIS,80,6.03,277.5,51.4,D,0
48.8665,-123.8032,323.8,1.8,1.3,2007-11-01,1955,Terra,MODIS,83,6.03,276.0,60.6,D,0
48.8641,-123.7983,324.7,1.6,1.2,2007-11-01,2139,Aqua,MODIS,72,6.03,278.6,47.6,D,0
48.8645,-123.8046,323.0,1.6,1.2,2007-11-01,2139,Aqua,MODIS,82,6.03,278.8,47.8,D,0
49.0109,-123.9987,305.7,2.0,1.4,2007-11-04,1847,Terra,MODIS,54,6.03,279.6,27.3,D,0
48.9141,-123.8836,310.1,1.0,1.0,2007-11-05,1930,Terra,MODIS,70,6.03,280.5,13.4,D,0
48.9118,-123.8694,309.2,1.0,1.0,2007-11-05,1930,Terra,MODIS,67,6.03,280.7,12.7,D,0
48.9051,-123.8866,313.5,1.0,1.0,2007-11-05,1930,Terra,MODIS,71,6.03,279.5,15.7,D,0
48.6413,-123.8078,305.5,1.0,1.0,2007-11-05,2114,Aqua,MODIS,61,6.03,282.6,9.5,D,0
48.6502,-123.8108,327.8,1.0,1.0,2007-11-05,2114,Aqua,MODIS,85,6.03,281.3,29.0,D,0
48.9007,-123.8674,322.4,1.0,1.0,2007-11-05,2114,Aqua,MODIS,82,6.03,280.0,22.4,D,0
48.8989,-123.8809,322.4,1.0,1.0,2007-11-05,2114,Aqua,MODIS,82,6.03,281.1,22.5,D,0
48.9077,-123.8839,330.1,1.0,1.0,2007-11-05,2114,Aqua,MODIS,80,6.03,282.7,30.5,D,0
48.9043,-123.8148,316.7,1.5,1.2,2007-11-10,1949,Terra,MODIS,55,6.03,272.2,34.3,D,0
48.4183,-123.8897,303.3,1.1,1.0,2007-11-23,2102,Aqua,MODIS,55,6.03,269.4,10.7,D,0
49.1274,-122.5993,301.7,1.0,1.0,2008-04-29,2115,Aqua,MODIS,46,6.03,288.6,4.2,D,0
49.4757,-122.2342,310.8,1.0,1.0,2008-05-17,1918,Terra,MODIS,57,6.03,291.6,7.9,D,0
49.476,-122.2328,346.7,1.0,1.0,2008-05-17,2103,Aqua,MODIS,95,6.03,295.1,53.4,D,0
49.0602,-122.5003,313.6,1.0,1.0,2008-05-24,1925,Terra,MODIS,72,6.03,299.7,7.6,D,2
48.4056,-123.8011,308.2,1.0,1.0,2008-07-11,2110,Aqua,MODIS,61,6.03,295.0,5.7,D,0
48.4035,-123.8144,331.3,1.0,1.0,2008-07-11,2110,Aqua,MODIS,86,6.03,296.9,28.5,D,0
49.1292,-122.6107,317.8,1.1,1.0,2008-08-03,2116,Aqua,MODIS,76,6.03,297.9,11.6,D,0
48.9977,-122.2551,313.1,1.1,1.0,2008-08-30,2058,Aqua,MODIS,66,6.03,292.5,10.6,D,0
49.0263,-122.692,311.8,1.0,1.0,2008-09-13,1925,Terra,MODIS,72,6.03,293.8,8.6,D,0
49.0066,-122.3935,320.6,1.1,1.0,2008-09-15,2059,Aqua,MODIS,79,6.03,301.1,13.4,D,0
49.7846,-123.149,312.2,1.0,1.0,2008-09-22,2105,Aqua,MODIS,72,6.03,284.9,13.4,D,0
49.6326,-122.8902,309.8,1.1,1.0,2008-09-29,0552,Terra,MODIS,78,6.03,280.6,14.1,N,0
49.6318,-122.8846,315.7,1.0,1.0,2008-09-29,1925,Terra,MODIS,76,6.03,289.6,14.2,D,0
49.6407,-122.8818,310.3,1.0,1.0,2008-09-29,1925,Terra,MODIS,70,6.03,292.3,9.9,D,0
49.6344,-122.8846,357.3,1.0,1.0,2008-09-29,2111,Aqua,MODIS,99,6.03,298.6,79.4,D,0
49.6325,-122.8982,307.3,1.0,1.0,2008-09-29,2111,Aqua,MODIS,65,6.03,293.0,7.2,D,0
49.6358,-122.8839,334.6,1.8,1.3,2008-09-30,0635,Terra,MODIS,100,6.03,286.3,89.0,N,0
49.6411,-122.8638,302.1,1.2,1.1,2008-09-30,1044,Aqua,MODIS,47,6.03,284.7,9.4,N,0
49.6439,-122.8789,326.3,1.2,1.1,2008-09-30,1044,Aqua,MODIS,100,6.03,284.8,35.7,N,0
49.6378,-122.8828,308.9,3.1,1.7,2008-09-30,1829,Terra,MODIS,68,6.03,290.1,44.2,D,0
49.642,-122.8765,320.7,2.7,1.6,2008-09-30,2007,Terra,MODIS,80,6.03,290.9,78.3,D,0
49.628,-122.8815,303.2,2.7,1.6,2008-09-30,2007,Terra,MODIS,30,6.03,289.0,18.2,D,0
49.6348,-122.8771,309.6,2.2,1.4,2008-10-01,0949,Aqua,MODIS,78,6.03,284.0,33.9,N,0
49.645,-122.8607,302.3,2.2,1.4,2008-10-01,0949,Aqua,MODIS,48,6.03,284.2,21.6,N,0
49.6347,-122.8933,301.7,1.0,1.0,2008-10-01,1912,Terra,MODIS,49,6.03,290.9,4.3,D,0
49.6328,-122.879,308.3,1.0,1.0,2008-10-01,1912,Terra,MODIS,67,6.03,292.0,8.6,D,0
49.012,-122.3145,301.0,1.0,1.0,2008-10-08,1919,Terra,MODIS,44,6.03,281.1,6.4,D,0
48.48,-123.7208,305.6,1.2,1.1,2008-10-10,1907,Terra,MODIS,62,6.03,282.4,12.1,D,0
48.5081,-123.7583,318.2,1.4,1.2,2008-10-10,2053,Aqua,MODIS,78,6.03,283.1,29.0,D,0
48.9008,-123.8696,322.3,2.4,1.5,2008-10-14,1842,Terra,MODIS,75,6.03,273.0,82.3,D,0
48.8924,-123.8777,315.1,2.4,1.5,2008-10-14,1842,Terra,MODIS,63,6.03,273.1,61.5,D,0
48.5765,-123.7897,303.4,1.2,1.1,2008-10-15,0552,Terra,MODIS,55,6.03,267.7,14.1,N,0
48.5737,-123.8049,313.5,1.2,1.1,2008-10-15,0552,Terra,MODIS,87,6.03,267.4,23.0,N,0
48.9948,-123.8663,347.1,1.8,1.3,2008-10-18,1955,Terra,MODIS,89,6.03,278.5,140.3,D,0
49.0001,-123.89,302.8,1.8,1.3,2008-10-18,1955,Terra,MODIS,54,6.03,279.4,19.4,D,0
48.9761,-123.836,304.2,2.2,1.4,2008-10-19,0527,Terra,MODIS,59,6.03,273.9,32.9,N,0
48.9698,-123.8622,305.3,2.2,1.4,2008-10-19,0527,Terra,MODIS,64,6.03,271.9,35.1,N,0
48.73,-123.742,334.1,1.3,1.1,2008-10-20,1943,Terra,MODIS,86,6.03,283.1,56.3,D,0
48.7006,-123.745,316.3,1.3,1.1,2008-10-20,1943,Terra,MODIS,62,6.03,280.0,26.8,D,0
48.7277,-123.7418,318.2,1.2,1.1,2008-10-20,2130,Aqua,MODIS,69,6.03,284.0,22.7,D,0
49.7859,-123.9065,302.2,2.8,1.6,2008-10-23,2013,Terra,MODIS,0,6.03,278.5,34.9,D,0
48.5249,-123.7706,302.5,3.1,1.7,2008-10-23,2014,Terra,MODIS,53,6.03,281.7,40.9,D,0
48.5076,-123.8086,306.0,3.2,1.7,2008-10-23,2022,Aqua,MODIS,43,6.03,281.3,49.7,D,0
48.5051,-123.8138,300.1,3.2,1.7,2008-10-23,2022,Aqua,MODIS,21,6.03,281.1,33.8,D,0
48.5303,-123.7825,300.5,3.2,1.7,2008-10-23,2022,Aqua,MODIS,37,6.03,281.1,35.3,D,0
48.5196,-123.8214,300.5,3.2,1.7,2008-10-23,2022,Aqua,MODIS,38,6.03,280.8,36.6,D,0
49.7445,-123.4155,324.0,1.5,1.2,2008-10-27,1949,Terra,MODIS,83,6.03,282.8,45.1,D,0
49.7429,-123.4228,319.2,1.5,1.2,2008-10-27,1949,Terra,MODIS,79,6.03,281.3,33.3,D,0
48.519,-123.7643,315.3,1.6,1.2,2008-10-27,1949,Terra,MODIS,76,6.03,285.9,29.0,D,0
49.7311,-122.3199,303.6,1.6,1.3,2008-10-27,2136,Aqua,MODIS,56,6.03,282.8,16.1,D,0
49.7376,-123.4169,305.0,1.5,1.2,2008-10-27,2136,Aqua,MODIS,57,6.03,284.6,13.6,D,0
49.7485,-123.417,301.8,1.5,1.2,2008-10-27,2136,Aqua,MODIS,31,6.03,284.9,10.1,D,0
49.5005,-123.8435,300.4,1.0,1.0,2009-03-31,2121,Aqua,MODIS,37,6.03,279.3,7.3,D,0
49.4986,-123.8572,307.4,1.0,1.0,2009-03-31,2121,Aqua,MODIS,65,6.03,280.8,11.6,D,0
49.5262,-122.5736,312.5,1.3,1.1,2009-07-02,1900,Terra,MODIS,0,6.03,296.0,12.7,D,0
49.2388,-122.7725,315.3,1.0,1.0,2009-07-16,1912,Terra,MODIS,37,6.03,303.5,10.7,D,2
49.6872,-123.3791,301.7,1.0,1.0,2009-07-23,1918,Terra,MODIS,15,6.03,287.3,3.7,D,0
49.6892,-123.393,300.6,1.0,1.0,2009-07-23,1918,Terra,MODIS,6,6.03,285.5,3.1,D,0
49.9383,-122.5952,306.4,1.2,1.1,2009-07-31,1046,Aqua,MODIS,68,6.03,289.2,11.3,N,0
49.9435,-122.6035,309.6,2.7,1.6,2009-07-31,2007,Terra,MODIS,64,6.03,293.6,31.2,D,0
49.6095,-122.6367,309.8,1.0,1.0,2009-08-01,1912,Terra,MODIS,61,6.03,296.3,6.1,D,0
49.6075,-122.6218,314.5,1.0,1.0,2009-08-01,1912,Terra,MODIS,70,6.03,296.3,9.9,D,0
49.6009,-122.6281,316.3,1.1,1.0,2009-08-01,2101,Aqua,MODIS,70,6.03,297.8,10.9,D,0
49.6099,-122.6317,313.9,1.1,1.0,2009-08-01,2101,Aqua,MODIS,64,6.03,297.3,8.4,D,0
49.6077,-122.6189,330.1,1.3,1.1,2009-08-02,0622,Terra,MODIS,100,6.03,293.6,43.9,N,0
49.6063,-122.6338,309.5,1.3,1.1,2009-08-02,0622,Terra,MODIS,77,6.03,291.4,13.4,N,0
49.6046,-122.6227,315.1,1.3,1.1,2009-08-02,0622,Terra,MODIS,91,6.03,292.3,19.6,N,0
49.6161,-122.6115,300.9,1.3,1.1,2009-08-02,0622,Terra,MODIS,4,6.03,290.0,5.7,N,0
49.6147,-122.6257,324.1,1.3,1.1,2009-08-02,0622,Terra,MODIS,100,6.03,293.0,32.8,N,0
49.9414,-122.6155,306.7,1.3,1.1,2009-08-02,0622,Terra,MODIS,69,6.03,288.4,12.9,N,0
49.945,-122.6145,310.4,1.0,1.0,2009-08-02,1033,Aqua,MODIS,80,6.03,287.1,12.0,N,0
49.9428,-122.6006,309.2,1.0,1.0,2009-08-02,1033,Aqua,MODIS,77,6.03,288.4,11.0,N,0
49.6099,-122.6172,318.0,1.0,1.0,2009-08-02,1033,Aqua,MODIS,96,6.03,292.7,17.2,N,0
49.9286,-122.6239,305.9,4.2,1.9,2009-08-02,2006,Aqua,MODIS,46,6.03,295.8,36.5,D,0
49.6031,-122.6237,316.2,1.8,1.3,2009-08-02,2144,Aqua,MODIS,70,6.03,300.2,24.3,D,0
49.9407,-122.6147,318.9,1.9,1.3,2009-08-02,2144,Aqua,MODIS,72,6.03,301.6,27.2,D,0
49.9512,-122.612,317.1,1.8,1.3,2009-08-03,0527,Terra,MODIS,94,6.03,288.5,38.7,N,0
49.9393,-122.6088,316.8,1.8,1.3,2009-08-03,0527,Terra,MODIS,94,6.03,290.9,37.7,N,0
49.942,-122.5876,300.9,3.0,1.7,2009-08-03,0938,Aqua,MODIS,35,6.03,287.1,28.8,N,0
49.9412,-122.6167,333.7,1.3,1.1,2009-08-03,1900,Terra,MODIS,87,6.03,300.3,41.8,D,0
49.9394,-122.5992,315.6,1.3,1.1,2009-08-03,1900,Terra,MODIS,72,6.03,298.7,12.3,D,0
49.936,-122.6204,333.3,1.3,1.1,2009-08-03,2048,Aqua,MODIS,87,6.03,299.6,43.3,D,0
49.9499,-122.6042,321.2,1.3,1.1,2009-08-03,2048,Aqua,MODIS,78,6.03,297.1,21.3,D,0
49.9374,-122.6095,309.9,1.1,1.0,2009-08-04,0610,Terra,MODIS,67,6.03,289.2,11.5,N,0
49.9663,-122.6049,301.0,1.1,1.0,2009-08-04,0610,Terra,MODIS,18,6.03,285.9,6.5,N,0
49.9372,-122.6255,321.6,1.8,1.3,2009-08-05,1848,Terra,MODIS,76,6.03,292.8,40.3,D,0
49.9355,-122.6027,313.7,1.8,1.3,2009-08-05,1848,Terra,MODIS,71,6.03,291.5,23.8,D,0
49.9373,-122.6357,312.0,1.8,1.3,2009-08-05,2036,Aqua,MODIS,56,6.03,290.3,25.0,D,0
49.9413,-122.6182,312.3,1.0,1.0,2009-08-06,0558,Terra,MODIS,84,6.03,283.6,14.1,N,0
49.9379,-122.6103,316.3,1.1,1.0,2009-08-06,1931,Terra,MODIS,76,6.03,294.6,13.9,D,0
49.9406,-122.6263,311.7,1.1,1.0,2009-08-06,1931,Terra,MODIS,70,6.03,293.6,9.9,D,0
49.9403,-122.622,319.7,1.1,1.0,2009-08-06,2119,Aqua,MODIS,76,6.03,294.8,14.6,D,0
49.0377,-122.4001,312.2,1.0,1.0,2009-08-24,2106,Aqua,MODIS,42,6.03,298.7,5.1,D,0
49.9361,-122.5872,314.6,1.6,1.2,2009-08-27,2137,Aqua,MODIS,62,6.03,301.8,17.6,D,0
49.0017,-122.2491,311.6,1.0,1.0,2009-08-31,1925,Terra,MODIS,53,6.03,295.5,6.5,D,2
49.0946,-122.5242,310.9,1.0,1.0,2009-08-31,1925,Terra,MODIS,66,6.03,296.8,5.8,D,0
49.0923,-122.5104,310.2,1.0,1.0,2009-08-31,1925,Terra,MODIS,62,6.03,296.6,5.4,D,0
48.663,-123.4209,305.2,1.8,1.3,2009-09-13,2042,Aqua,MODIS,0,6.03,292.2,8.6,D,0
49.0014,-122.4041,314.3,1.1,1.0,2009-09-18,2100,Aqua,MODIS,71,6.03,292.2,11.3,D,0
49.2309,-122.6492,308.5,1.1,1.0,2009-09-18,2100,Aqua,MODIS,50,6.03,295.4,5.2,D,0
48.9375,-123.7949,315.8,1.0,1.0,2009-09-25,1918,Terra,MODIS,76,6.03,289.9,14.5,D,0
48.9357,-123.7813,301.7,1.0,1.0,2009-09-25,1918,Terra,MODIS,45,6.03,288.5,4.4,D,0
49.0818,-122.1812,307.8,1.2,1.1,2009-10-06,1900,Terra,MODIS,66,6.03,284.4,12.3,D,0
49.1605,-122.6176,307.0,1.0,1.0,2009-10-07,0610,Terra,MODIS,70,6.03,278.4,12.7,N,2
48.6633,-123.7733,312.5,1.4,1.2,2009-10-27,0545,Terra,MODIS,79,6.03,273.6,25.7,N,0
49.6542,-122.4206,300.2,1.0,1.0,2009-10-27,1918,Terra,MODIS,33,6.03,276.3,8.5,D,0
49.6819,-123.7872,311.1,1.0,1.0,2009-10-27,1918,Terra,MODIS,54,6.03,277.4,15.4,D,0
49.5033,-123.6971,309.4,1.0,1.0,2009-10-27,1918,Terra,MODIS,69,6.03,278.0,13.6,D,0
49.1011,-123.9999,305.7,1.0,1.0,2009-10-27,1918,Terra,MODIS,54,6.03,276.1,10.3,D,0
48.9007,-123.8884,319.1,1.0,1.0,2009-10-27,1918,Terra,MODIS,79,6.03,276.7,20.4,D,0
48.8989,-123.8748,376.7,1.0,1.0,2009-10-27,1918,Terra,MODIS,100,6.03,281.5,146.6,D,0
48.897,-123.8612,334.8,1.0,1.0,2009-10-27,1918,Terra,MODIS,84,6.03,276.4,38.2,D,0
48.8571,-123.7751,301.8,1.0,1.0,2009-10-27,1918,Terra,MODIS,47,6.03,280.0,7.7,D,0
48.8482,-123.7779,301.8,1.0,1.0,2009-10-27,1918,Terra,MODIS,49,6.03,278.4,7.7,D,0
49.7039,-123.7646,310.0,1.0,1.0,2009-10-27,2106,Aqua,MODIS,53,6.03,277.7,14.9,D,0
48.8984,-123.8819,330.2,1.1,1.0,2009-10-27,2106,Aqua,MODIS,84,6.03,278.8,34.2,D,0
48.9008,-123.8678,324.6,1.1,1.0,2009-10-27,2106,Aqua,MODIS,64,6.03,277.0,26.5,D,0
48.8942,-123.8498,324.9,1.1,1.0,2009-10-27,2106,Aqua,MODIS,31,6.03,274.8,25.2,D,0
48.8917,-123.8644,329.5,1.1,1.0,2009-10-27,2106,Aqua,MODIS,85,6.03,277.5,32.9,D,0
49.5469,-123.8799,319.5,1.0,1.0,2009-12-05,1925,Terra,MODIS,79,6.03,275.5,22.0,D,0
49.5436,-123.8776,309.2,1.0,1.0,2009-12-05,2112,Aqua,MODIS,63,6.03,276.8,12.4,D,0
49.5511,-123.8855,320.8,1.0,1.0,2009-12-05,2112,Aqua,MODIS,61,6.03,276.9,23.6,D,0
49.0895,-122.5264,306.5,1.1,1.0,2010-04-14,2059,Aqua,MODIS,64,6.03,288.5,7.0,D,0
49.0025,-122.2594,306.8,1.1,1.0,2010-04-14,2059,Aqua,MODIS,64,6.03,291.4,6.3,D,0
49.1555,-122.6365,300.9,1.1,1.0,2010-04-14,2059,Aqua,MODIS,16,6.03,289.1,2.7,D,2
49.4783,-123.6452,306.1,2.1,1.4,2010-04-22,2001,Terra,MODIS,63,6.03,283.7,28.9,D,0
49.4786,-123.6386,308.1,2.1,1.4,2010-04-22,2001,Terra,MODIS,66,6.03,283.4,33.2,D,0
49.4791,-123.6374,304.0,2.0,1.4,2010-04-22,2148,Aqua,MODIS,58,6.03,281.3,21.1,D,0
49.2619,-122.755,302.2,2.3,1.5,2010-05-08,2001,Terra,MODIS,13,6.03,289.3,10.3,D,2
49.4086,-123.5256,302.8,1.7,1.3,2010-06-12,2040,Aqua,MODIS,0,6.03,292.4,10.7,D,0
49.6749,-123.0762,306.7,1.0,1.0,2010-07-08,0558,Terra,MODIS,69,6.03,289.9,9.0,N,0
49.8297,-123.0149,300.2,1.1,1.0,2010-07-19,1912,Terra,MODIS,0,6.03,288.0,3.8,D,0
49.8866,-123.0147,300.3,1.6,1.2,2010-07-29,1948,Terra,MODIS,0,6.03,288.6,8.0,D,0
49.496,-122.3198,301.0,1.0,1.0,2010-08-02,1924,Terra,MODIS,16,6.03,285.8,3.2,D,0
49.3067,-122.2584,316.6,1.9,1.4,2010-08-21,2141,Aqua,MODIS,0,6.03,292.0,37.3,D,0
49.3082,-122.2366,313.7,1.9,1.4,2010-08-21,2141,Aqua,MODIS,48,6.03,287.6,31.8,D,0
48.5231,-123.7868,301.4,1.9,1.3,2010-09-22,1955,Terra,MODIS,44,6.03,282.8,14.7,D,0
48.5114,-123.7205,312.3,1.6,1.2,2010-09-22,2140,Aqua,MODIS,65,6.03,287.3,20.7,D,0
48.5137,-123.7058,303.4,1.6,1.2,2010-09-22,2140,Aqua,MODIS,53,6.03,286.0,10.9,D,0
49.5371,-123.9374,310.1,1.2,1.1,2010-09-30,1906,Terra,MODIS,53,6.03,285.5,13.6,D,0
49.5353,-123.9203,314.0,1.2,1.1,2010-09-30,1906,Terra,MODIS,70,6.03,286.3,17.1,D,0
49.5355,-123.9195,309.8,1.3,1.1,2010-09-30,2051,Aqua,MODIS,69,6.03,290.2,14.4,D,0
49.532,-123.9375,321.4,1.3,1.1,2010-09-30,2051,Aqua,MODIS,70,6.03,289.8,29.4,D,0
49.321,-122.2486,311.6,1.0,1.0,2010-10-05,1924,Terra,MODIS,68,6.03,285.0,13.8,D,0
49.3232,-122.2623,329.4,1.0,1.0,2010-10-05,1924,Terra,MODIS,65,6.03,285.3,31.9,D,0
49.322,-122.2543,307.6,1.0,1.0,2010-10-05,2110,Aqua,MODIS,62,6.03,286.3,9.7,D,0
49.3202,-122.2678,322.6,1.0,1.0,2010-10-05,2110,Aqua,MODIS,0,6.03,287.2,21.9,D,0
48.9095,-123.849,324.2,1.3,1.1,2010-10-10,1943,Terra,MODIS,83,6.03,281.1,37.4,D,0
48.9024,-123.8558,308.0,1.2,1.1,2010-10-10,2128,Aqua,MODIS,63,6.03,281.1,14.0,D,0
48.9452,-123.9151,342.9,1.2,1.1,2010-10-10,2128,Aqua,MODIS,93,6.03,283.5,64.8,D,0
48.9434,-123.9313,307.4,1.2,1.1,2010-10-10,2128,Aqua,MODIS,65,6.03,281.4,13.4,D,0
49.3792,-122.021,301.3,2.3,1.5,2010-10-13,1835,Terra,MODIS,46,6.03,285.4,19.6,D,0
49.3659,-122.0216,301.3,2.3,1.5,2010-10-13,1835,Terra,MODIS,46,6.03,285.2,20.1,D,0
49.3699,-122.0265,308.2,2.3,1.5,2010-10-13,1835,Terra,MODIS,67,6.03,285.4,33.2,D,0
48.6097,-123.9811,305.9,2.9,1.6,2010-10-13,1835,Terra,MODIS,62,6.03,288.3,41.8,D,0
48.6052,-123.996,309.9,3.1,1.7,2010-10-13,2013,Terra,MODIS,69,6.03,287.9,54.4,D,0
48.6043,-123.9905,311.4,3.1,1.7,2010-10-13,2013,Terra,MODIS,71,6.03,287.9,63.5,D,0
48.6059,-123.9656,305.5,3.3,1.7,2010-10-13,2021,Aqua,MODIS,62,6.03,286.0,47.5,D,0
49.3639,-122.0191,303.8,2.5,1.5,2010-10-13,2021,Aqua,MODIS,57,6.03,287.1,25.4,D,0
49.3768,-122.026,308.6,2.5,1.5,2010-10-13,2021,Aqua,MODIS,67,6.03,287.1,37.1,D,0
48.6064,-123.9918,300.3,1.4,1.2,2010-10-14,0545,Terra,MODIS,24,6.03,280.3,12.0,N,0
48.7754,-123.9835,300.4,2.1,1.4,2010-10-15,2001,Terra,MODIS,36,6.03,279.4,20.5,D,0
49.6752,-122.7273,311.3,1.2,1.1,2010-10-19,2122,Aqua,MODIS,71,6.03,283.4,15.4,D,0
49.3554,-122.331,300.8,2.0,1.4,2010-10-20,1841,Terra,MODIS,0,6.03,283.7,16.5,D,0
49.3536,-122.3382,308.9,2.0,1.4,2010-10-20,1841,Terra,MODIS,0,6.03,283.8,30.1,D,0
49.5338,-123.8999,311.9,2.4,1.5,2010-10-22,2007,Terra,MODIS,52,6.03,283.9,47.6,D,0
49.534,-123.8617,312.7,2.4,1.5,2010-10-22,2007,Terra,MODIS,55,6.03,280.9,46.0,D,0
49.5265,-123.871,327.5,2.4,1.5,2010-10-22,2007,Terra,MODIS,81,6.03,282.5,102.3,D,0
48.9746,-123.9224,331.6,1.1,1.0,2010-10-23,1912,Terra,MODIS,64,6.03,278.5,34.8,D,0
48.4038,-123.807,302.5,2.3,1.5,2010-10-27,2033,Aqua,MODIS,47,6.03,274.9,25.9,D,0
48.407,-123.8043,300.6,2.3,1.5,2010-10-27,2033,Aqua,MODIS,40,6.03,274.8,24.3,D,0
49.5147,-123.8481,301.6,1.4,1.2,2010-11-02,2134,Aqua,MODIS,48,6.03,282.4,11.2,D,0
49.7595,-123.7067,312.2,1.4,1.2,2010-11-02,2134,Aqua,MODIS,0,6.03,282.6,24.3,D,0
49.4666,-123.7225,307.9,1.8,1.3,2010-11-03,2039,Aqua,MODIS,0,6.03,279.6,24.8,D,2
49.0916,-122.5299,304.3,1.0,1.0,2011-04-15,1924,Terra,MODIS,58,6.03,287.2,6.5,D,0
49.1839,-123.1383,303.9,1.3,1.1,2011-05-04,0622,Terra,MODIS,58,6.03,278.6,13.3,N,2
49.1856,-123.1211,357.6,1.3,1.1,2011-05-04,0622,Terra,MODIS,100,6.03,280.4,117.7,N,2
49.7367,-123.0409,301.3,1.8,1.3,2011-05-20,2140,Aqua,MODIS,32,6.03,288.9,10.7,D,0
49.1381,-123.0012,305.0,1.4,1.2,2011-06-22,2044,Aqua,MODIS,0,6.03,292.0,5.3,D,2
49.174,-122.6652,307.4,2.5,1.5,2011-07-28,1835,Terra,MODIS,50,6.03,291.6,17.7,D,2
49.0441,-123.9574,300.4,1.1,1.0,2011-08-30,2102,Aqua,MODIS,0,6.03,282.5,2.7,D,0
48.7284,-123.8292,327.3,1.1,1.0,2011-10-01,2102,Aqua,MODIS,70,6.03,276.0,31.8,D,0
48.6989,-123.8326,327.5,1.1,1.0,2011-10-01,2102,Aqua,MODIS,70,6.03,276.4,30.9,D,0
48.7085,-123.6933,318.7,1.3,1.1,2011-10-03,2050,Aqua,MODIS,70,6.03,279.6,27.1,D,0
48.9742,-123.9566,303.9,1.1,1.0,2011-10-04,0615,Terra,MODIS,52,6.03,278.4,9.5,N,0
48.9651,-123.954,300.9,1.1,1.0,2011-10-04,0615,Terra,MODIS,35,6.03,278.6,8.1,N,0
48.9669,-123.9395,306.1,1.1,1.0,2011-10-04,0615,Terra,MODIS,67,6.03,278.7,11.1,N,0
48.8552,-123.9221,303.4,1.1,1.1,2011-10-06,1936,Terra,MODIS,53,6.03,273.7,10.2,D,0
48.4868,-123.6649,347.5,1.1,1.0,2011-10-06,2121,Aqua,MODIS,0,6.03,282.5,63.4,D,0
48.6162,-123.9874,334.1,1.2,1.1,2011-10-08,0551,Terra,MODIS,100,6.03,280.0,48.6,N,0
48.617,-123.9925,338.1,1.2,1.1,2011-10-08,0551,Terra,MODIS,100,6.03,280.3,56.8,N,0
48.6326,-123.8579,313.2,2.6,1.5,2011-10-09,2007,Terra,MODIS,50,6.03,279.4,58.1,D,0
48.6243,-123.8249,322.8,2.6,1.6,2011-10-09,2007,Terra,MODIS,66,6.03,279.4,93.3,D,0
48.6245,-123.8275,325.3,3.8,1.8,2011-10-09,2014,Aqua,MODIS,74,6.03,281.3,172.4,D,0
48.6115,-123.8726,324.3,3.8,1.8,2011-10-09,2014,Aqua,MODIS,77,6.03,280.0,165.9,D,0
48.6165,-123.8255,317.5,3.8,1.8,2011-10-09,2014,Aqua,MODIS,59,6.03,281.0,114.8,D,0
48.6301,-123.8401,319.6,3.8,1.8,2011-10-09,2014,Aqua,MODIS,54,6.03,279.2,129.4,D,0
49.6947,-123.5891,312.7,1.4,1.2,2011-10-12,1859,Terra,MODIS,39,6.03,279.7,23.2,D,0
48.4037,-123.8664,316.0,1.4,1.2,2011-10-12,1900,Terra,MODIS,63,6.03,281.7,24.5,D,0
49.7046,-123.5953,304.3,1.3,1.1,2011-10-13,1942,Terra,MODIS,55,6.03,280.4,13.4,D,0
48.5011,-123.8433,302.3,1.3,1.1,2011-10-13,1942,Terra,MODIS,18,6.03,279.3,9.8,D,0
48.5042,-123.8469,308.9,1.3,1.1,2011-10-13,1942,Terra,MODIS,54,6.03,280.5,16.2,D,0
48.5071,-123.8441,311.2,1.2,1.1,2011-10-13,2127,Aqua,MODIS,60,6.03,274.2,16.7,D,0
48.5054,-123.8596,314.4,1.2,1.1,2011-10-13,2127,Aqua,MODIS,71,6.03,274.5,19.7,D,0
49.6995,-123.9212,322.4,1.2,1.1,2011-10-13,2127,Aqua,MODIS,77,6.03,281.4,30.2,D,0
48.4211,-123.8177,330.2,2.3,1.5,2011-10-14,2032,Aqua,MODIS,65,6.03,276.4,101.3,D,0
48.8945,-123.8238,303.4,1.1,1.0,2011-10-15,1930,Terra,MODIS,53,6.03,281.8,9.5,D,0
48.8924,-123.8213,309.9,1.0,1.0,2011-10-15,2115,Aqua,MODIS,69,6.03,283.0,12.7,D,0
49.7844,-122.209,340.6,1.0,1.0,2011-10-17,1918,Terra,MODIS,92,6.03,282.8,47.5,D,0
49.7826,-122.2115,327.7,1.0,1.0,2011-10-17,2103,Aqua,MODIS,85,6.03,283.8,29.3,D,0
49.9438,-123.7796,304.6,4.2,1.9,2011-10-18,1822,Terra,MODIS,56,6.03,283.6,60.6,D,0
49.9268,-123.7833,301.8,4.2,1.9,2011-10-18,1822,Terra,MODIS,35,6.03,281.7,47.4,D,0
49.9412,-123.7881,308.9,4.2,1.9,2011-10-18,1822,Terra,MODIS,64,6.03,283.4,86.1,D,0
49.6522,-122.6717,301.0,3.6,1.8,2011-10-18,1822,Terra,MODIS,43,6.03,284.2,40.5,D,0
49.6507,-122.6116,309.1,3.6,1.8,2011-10-18,1822,Terra,MODIS,59,6.03,284.1,72.2,D,0
49.9353,-123.7994,313.1,2.0,1.4,2011-10-18,2000,Terra,MODIS,73,6.03,284.5,37.6,D,0
49.9295,-123.7746,302.9,2.0,1.4,2011-10-18,2000,Terra,MODIS,39,6.03,282.9,19.1,D,0
49.9234,-123.8049,310.4,2.0,1.4,2011-10-18,2000,Terra,MODIS,49,6.03,283.1,30.5,D,0
49.6416,-122.6568,304.5,3.6,1.8,2011-10-18,2008,Aqua,MODIS,59,6.03,284.8,56.5,D,0
49.9308,-123.7803,306.7,4.0,1.9,2011-10-18,2008,Aqua,MODIS,60,6.03,282.9,77.2,D,0
49.93,-123.7727,300.7,2.0,1.4,2011-10-18,2146,Aqua,MODIS,30,6.03,279.3,16.0,D,0
49.9284,-123.797,316.7,2.0,1.4,2011-10-18,2146,Aqua,MODIS,77,6.03,283.4,46.2,D,0
49.9267,-123.8225,302.6,2.0,1.4,2011-10-18,2146,Aqua,MODIS,41,6.03,281.7,17.7,D,0
48.8312,-123.8527,300.1,2.4,1.5,2011-10-23,1841,Terra,MODIS,28,6.03,280.0,25.9,D,0
49.9354,-123.7903,312.3,1.0,1.0,2011-10-24,2109,Aqua,MODIS,0,6.03,273.0,15.2,D,0
49.498,-123.8022,314.6,1.7,1.3,2011-10-27,1954,Terra,MODIS,61,6.03,270.4,36.1,D,0
48.4057,-123.8353,309.4,1.6,1.2,2011-10-27,2139,Aqua,MODIS,65,6.03,278.1,23.0,D,0
49.4959,-123.811,310.2,1.6,1.3,2011-10-27,2140,Aqua,MODIS,42,6.03,278.5,22.6,D,0
49.5051,-123.8371,327.2,1.6,1.3,2011-10-27,2140,Aqua,MODIS,83,6.03,278.0,54.6,D,0
49.6238,-123.1829,313.6,1.7,1.3,2011-10-27,2140,Aqua,MODIS,56,6.03,276.3,37.3,D,0
49.4526,-123.6829,322.5,1.0,1.0,2011-10-31,1930,Terra,MODIS,82,6.03,281.7,25.4,D,0
48.9796,-123.8805,319.7,1.0,1.0,2011-10-31,1930,Terra,MODIS,80,6.03,280.1,22.7,D,0
48.9773,-123.8665,323.6,1.0,1.0,2011-10-31,1930,Terra,MODIS,82,6.03,280.3,26.8,D,0
48.3984,-123.706,305.6,1.1,1.0,2011-10-31,1930,Terra,MODIS,54,6.03,282.6,10.8,D,0
48.979,-123.8691,338.4,1.0,1.0,2011-10-31,2115,Aqua,MODIS,91,6.03,281.0,45.0,D,0
48.9771,-123.8827,353.3,1.0,1.0,2011-10-31,2115,Aqua,MODIS,97,6.03,282.7,74.2,D,0
49.4479,-123.6877,344.9,1.0,1.0,2011-10-31,2115,Aqua,MODIS,82,6.03,283.3,56.4,D,0
49.4461,-123.7014,303.4,1.0,1.0,2011-10-31,2115,Aqua,MODIS,0,6.03,282.8,7.8,D,0
48.7206,-123.6772,313.8,1.1,1.0,2012-04-26,2104,Aqua,MODIS,49,6.03,285.6,14.0,D,0
49.1721,-122.6712,311.9,2.0,1.4,2012-07-25,1955,Terra,MODIS,70,6.03,298.3,18.6,D,2
48.6679,-123.4173,316.2,1.2,1.1,2012-08-02,1906,Terra,MODIS,0,6.03,295.2,11.4,D,0
49.4051,-123.5182,306.0,1.5,1.2,2012-08-03,1949,Terra,MODIS,0,6.03,296.0,10.6,D,0
49.1758,-122.6671,307.5,2.0,1.4,2012-08-10,1955,Terra,MODIS,40,6.03,294.4,11.0,D,2
48.6268,-123.8214,320.9,1.2,1.1,2012-09-22,1937,Terra,MODIS,80,6.03,291.2,23.9,D,0
48.6273,-123.8189,325.2,1.1,1.0,2012-09-22,2121,Aqua,MODIS,84,6.03,292.6,25.2,D,0
48.6255,-123.8333,302.5,1.1,1.0,2012-09-22,2121,Aqua,MODIS,52,6.03,291.8,5.3,D,0
48.6313,-123.8099,300.5,1.5,1.2,2012-09-23,1054,Aqua,MODIS,29,6.03,280.7,14.9,N,0
48.4146,-123.9523,335.7,1.7,1.3,2012-10-23,1854,Terra,MODIS,66,6.03,279.6,83.7,D,0
48.4127,-123.9298,332.5,1.6,1.3,2012-10-23,1854,Terra,MODIS,70,6.03,279.1,73.8,D,0
49.9945,-123.9332,315.5,1.1,1.1,2012-10-28,2057,Aqua,MODIS,57,6.03,279.1,21.3,D,0
48.6216,-123.5863,307.2,1.6,1.2,2012-11-07,1949,Terra,MODIS,65,6.03,278.0,20.7,D,0
48.6139,-123.583,328.0,1.4,1.2,2012-11-07,2133,Aqua,MODIS,70,6.03,278.8,43.4,D,0
48.6244,-123.5838,329.7,1.4,1.2,2012-11-07,2133,Aqua,MODIS,61,6.03,279.8,45.8,D,0
48.6211,-123.5693,326.0,1.4,1.2,2012-11-07,2133,Aqua,MODIS,64,6.03,279.9,39.6,D,0
48.6192,-123.5888,324.7,1.4,1.2,2012-11-07,2133,Aqua,MODIS,69,6.03,279.6,37.8,D,0
49.0118,-123.889,301.0,1.7,1.3,2012-11-08,1853,Terra,MODIS,44,6.03,278.4,16.9,D,0
49.0066,-123.8977,310.6,1.9,1.3,2012-11-08,2038,Aqua,MODIS,70,6.03,279.0,34.9,D,0
48.9855,-123.9912,305.5,1.9,1.3,2012-11-08,2038,Aqua,MODIS,62,6.03,275.6,28.8,D,0
48.8837,-123.8062,306.6,1.0,1.0,2012-11-09,0603,Terra,MODIS,69,6.03,274.6,12.3,N,0
48.8926,-123.8088,315.4,1.0,1.0,2012-11-09,0603,Terra,MODIS,91,6.03,273.5,18.3,N,0
48.9015,-123.8117,326.0,1.0,1.0,2012-11-09,0603,Terra,MODIS,100,6.03,271.9,28.7,N,0
48.8995,-123.825,311.9,1.0,1.0,2012-11-09,0603,Terra,MODIS,84,6.03,270.2,15.4,N,0
48.9023,-123.8099,313.7,1.2,1.1,2012-11-09,1011,Aqua,MODIS,88,6.03,270.2,22.9,N,0
48.9009,-123.8151,310.1,1.2,1.1,2012-11-09,1011,Aqua,MODIS,79,6.03,269.2,19.6,N,0
48.9465,-123.9467,300.5,1.1,1.1,2012-11-09,1936,Terra,MODIS,38,6.03,272.4,10.6,D,0
48.9377,-123.9412,310.0,1.1,1.0,2012-11-09,2121,Aqua,MODIS,69,6.03,272.4,15.7,D,0
48.9468,-123.9436,337.2,1.1,1.0,2012-11-09,2121,Aqua,MODIS,90,6.03,274.2,47.0,D,0
49.8591,-123.1528,303.2,1.4,1.2,2012-11-15,2045,Aqua,MODIS,55,6.03,277.7,15.6,D,0
48.6629,-123.4164,302.5,1.8,1.3,2013-04-01,2039,Aqua,MODIS,0,6.03,286.0,13.1,D,0
48.6689,-123.424,305.1,1.8,1.3,2013-04-01,2039,Aqua,MODIS,0,6.03,286.0,17.1,D,0
48.6671,-123.4196,304.7,1.2,1.1,2013-05-01,1906,Terra,MODIS,0,6.03,284.6,7.0,D,0
49.1771,-122.6954,315.9,1.0,1.0,2013-07-09,1924,Terra,MODIS,46,6.03,301.6,6.6,D,2
49.2915,-122.3673,313.5,4.2,1.9,2013-07-28,1817,Terra,MODIS,0,6.03,288.5,99.3,D,0
49.2941,-122.3622,314.8,4.2,1.9,2013-07-28,1817,Terra,MODIS,0,6.03,288.4,107.2,D,0
49.6048,-122.6639,321.8,1.3,1.1,2013-07-30,2128,Aqua,MODIS,78,6.03,297.8,23.8,D,0
49.6067,-122.644,322.9,1.3,1.1,2013-07-30,2128,Aqua,MODIS,79,6.03,298.1,25.1,D,0
48.9104,-123.7372,309.3,1.1,1.0,2013-08-01,1931,Terra,MODIS,51,6.03,298.1,7.1,D,2
48.671,-123.8785,301.7,1.1,1.0,2013-09-09,2121,Aqua,MODIS,14,6.03,290.8,2.9,D,0
48.6613,-123.429,301.2,1.9,1.4,2013-09-14,1955,Terra,MODIS,0,6.03,289.7,7.7,D,0
48.5476,-123.7719,302.7,1.2,1.1,2013-09-25,1937,Terra,MODIS,53,6.03,284.5,9.1,D,0
48.9229,-123.9987,302.8,2.4,1.5,2013-09-26,1842,Terra,MODIS,54,6.03,284.1,26.8,D,0
48.4481,-123.9123,341.9,1.2,1.1,2013-10-02,2128,Aqua,MODIS,69,6.03,269.5,62.5,D,0
48.8458,-123.7716,301.5,1.3,1.1,2013-10-08,2051,Aqua,MODIS,47,6.03,282.2,10.6,D,0
49.3805,-122.0006,310.7,1.1,1.1,2013-10-08,2051,Aqua,MODIS,66,6.03,280.9,15.8,D,0
49.3833,-122.0074,301.7,1.1,1.1,2013-10-08,2051,Aqua,MODIS,46,6.03,281.5,9.7,D,0
49.6609,-122.6816,302.7,1.6,1.2,2013-10-09,2134,Aqua,MODIS,34,6.03,277.7,12.3,D,0
49.736,-122.3218,314.8,1.6,1.3,2013-10-09,2134,Aqua,MODIS,75,6.03,278.3,34.5,D,0
49.5936,-122.614,321.7,1.0,1.0,2013-10-15,1912,Terra,MODIS,81,6.03,282.3,23.2,D,0
49.6675,-123.5609,316.8,1.2,1.1,2013-10-16,0622,Terra,MODIS,94,6.03,280.1,25.4,N,0
49.9351,-123.7804,311.3,1.7,1.3,2013-10-16,1955,Terra,MODIS,65,6.03,282.0,26.4,D,0
49.9244,-123.787,323.5,1.7,1.3,2013-10-16,1955,Terra,MODIS,78,6.03,280.4,50.7,D,0
49.9266,-123.7901,324.9,1.7,1.3,2013-10-16,1955,Terra,MODIS,68,6.03,280.6,51.1,D,0
49.9267,-123.7905,338.4,1.6,1.3,2013-10-16,2140,Aqua,MODIS,91,6.03,285.0,90.0,D,0
49.925,-123.8118,302.9,1.6,1.3,2013-10-16,2140,Aqua,MODIS,54,6.03,284.5,15.1,D,0
49.9313,-123.8166,313.9,1.4,1.2,2013-10-17,1859,Terra,MODIS,74,6.03,284.6,25.7,D,0
49.9293,-123.7957,306.0,1.4,1.2,2013-10-17,1859,Terra,MODIS,63,6.03,283.1,15.6,D,0
49.9275,-123.8187,306.3,1.5,1.2,2013-10-17,2045,Aqua,MODIS,63,6.03,286.1,16.7,D,0
49.9234,-123.8388,312.1,1.5,1.2,2013-10-17,2045,Aqua,MODIS,63,6.03,285.6,23.8,D,0
48.8787,-123.7293,306.2,1.2,1.1,2013-11-03,2128,Aqua,MODIS,63,6.03,279.2,13.5,D,0
49.5615,-123.8575,312.8,1.0,1.0,2013-11-14,1924,Terra,MODIS,73,6.03,279.2,14.1,D,0
49.5595,-123.8439,323.4,1.0,1.0,2013-11-14,1924,Terra,MODIS,82,6.03,280.0,23.6,D,0
49.5527,-123.8605,307.3,1.0,1.0,2013-11-14,1924,Terra,MODIS,28,6.03,279.4,9.6,D,0
49.5532,-123.8477,342.4,1.0,1.0,2013-11-14,2110,Aqua,MODIS,93,6.03,282.4,51.4,D,0
49.5512,-123.8612,315.0,1.0,1.0,2013-11-14,2110,Aqua,MODIS,75,6.03,280.9,16.8,D,0
48.6891,-123.6981,311.2,1.8,1.3,2013-11-17,1955,Terra,MODIS,31,6.03,279.2,30.8,D,0
48.6835,-123.6727,321.0,1.9,1.3,2013-11-17,1955,Terra,MODIS,65,6.03,279.4,50.9,D,0
48.711,-123.7077,313.6,1.8,1.3,2013-11-17,1955,Terra,MODIS,32,6.03,279.5,33.5,D,0
48.6743,-123.6842,313.6,1.6,1.3,2013-11-17,2141,Aqua,MODIS,39,6.03,278.7,30.6,D,0
48.6855,-123.6873,333.2,1.6,1.3,2013-11-17,2141,Aqua,MODIS,85,6.03,279.3,72.7,D,0
48.8709,-123.9318,319.1,1.3,1.1,2013-11-19,1943,Terra,MODIS,79,6.03,271.2,30.9,D,0
48.8678,-123.9156,304.8,1.3,1.1,2013-11-19,1943,Terra,MODIS,58,6.03,273.0,14.9,D,0
48.7137,-123.6097,300.5,1.3,1.1,2013-11-19,1943,Terra,MODIS,38,6.03,278.6,12.2,D,0
48.8787,-123.943,309.8,1.2,1.1,2013-11-19,2128,Aqua,MODIS,69,6.03,275.2,17.7,D,0
48.8586,-123.8555,314.6,1.2,1.1,2013-11-19,2128,Aqua,MODIS,75,6.03,276.4,22.8,D,0
48.8516,-123.9192,306.8,1.2,1.1,2013-11-19,2128,Aqua,MODIS,64,6.03,276.5,15.0,D,0
48.8499,-123.9349,303.2,1.2,1.1,2013-11-19,2128,Aqua,MODIS,55,6.03,276.7,12.4,D,0
48.8708,-123.9246,350.5,1.2,1.1,2013-11-19,2128,Aqua,MODIS,96,6.03,277.7,84.7,D,0
48.869,-123.941,329.0,1.2,1.1,2013-11-19,2128,Aqua,MODIS,79,6.03,276.1,38.6,D,0
49.5247,-122.0116,331.4,1.3,1.1,2013-11-28,1937,Terra,MODIS,87,6.03,279.4,50.0,D,0
48.5192,-123.8477,310.2,1.2,1.1,2013-11-28,1937,Terra,MODIS,70,6.03,281.7,16.2,D,0
48.5163,-123.8322,304.0,1.2,1.1,2013-11-28,1937,Terra,MODIS,58,6.03,281.0,11.1,D,0
48.5178,-123.8505,300.3,1.1,1.0,2013-11-28,2122,Aqua,MODIS,35,6.03,274.1,7.8,D,0
48.7464,-123.7582,300.6,1.1,1.0,2013-12-02,1912,Terra,MODIS,39,6.03,274.9,9.6,D,0
48.7023,-123.7099,323.2,1.1,1.0,2013-12-02,1912,Terra,MODIS,82,6.03,274.7,28.6,D,0
48.4079,-123.9174,305.2,1.6,1.2,2013-12-03,2141,Aqua,MODIS,57,6.03,274.6,22.3,D,0
48.4492,-123.9099,316.3,1.4,1.2,2013-12-04,1900,Terra,MODIS,77,6.03,271.7,32.5,D,0
48.4428,-123.9097,306.4,1.6,1.2,2013-12-04,2045,Aqua,MODIS,49,6.03,272.2,22.3,D,0
48.4536,-123.9146,322.9,1.6,1.2,2013-12-04,2045,Aqua,MODIS,82,6.03,272.7,51.1,D,0
48.4547,-123.9084,303.7,1.1,1.0,2013-12-07,1931,Terra,MODIS,56,6.03,267.4,11.9,D,0
48.4517,-123.9148,306.4,1.0,1.0,2013-12-07,2116,Aqua,MODIS,45,6.03,268.4,11.9,D,0
48.4606,-123.9176,313.0,1.0,1.0,2013-12-07,2116,Aqua,MODIS,73,6.03,268.2,17.1,D,0
49.6096,-123.9973,312.6,1.2,1.1,2014-02-07,1943,Terra,MODIS,60,6.03,267.1,22.8,D,0
49.1267,-122.608,321.1,1.0,1.0,2014-04-30,2116,Aqua,MODIS,81,6.03,295.1,15.6,D,0
49.1249,-122.6222,309.7,1.0,1.0,2014-04-30,2116,Aqua,MODIS,57,6.03,295.7,4.7,D,0
48.8038,-123.7756,337.8,1.3,1.1,2014-05-30,1944,Terra,MODIS,69,6.03,288.1,58.6,D,0
48.799,-123.7789,306.0,1.1,1.0,2014-06-01,1931,Terra,MODIS,39,6.03,295.3,5.0,D,0
49.484,-123.7309,306.9,1.3,1.1,2014-07-01,1943,Terra,MODIS,28,6.03,296.2,5.6,D,0
49.9974,-122.0021,319.2,2.0,1.4,2014-07-15,2140,Aqua,MODIS,72,6.03,302.7,28.9,D,0
49.9999,-122.01,317.2,2.0,1.4,2014-07-15,2140,Aqua,MODIS,69,6.03,302.5,22.6,D,0
49.9948,-122.0021,318.2,1.4,1.2,2014-07-17,2128,Aqua,MODIS,75,6.03,298.8,19.8,D,0
49.062,-122.1616,307.2,1.0,1.0,2014-08-22,1919,Terra,MODIS,52,6.03,295.2,4.3,D,0
48.99,-123.828,308.9,1.1,1.1,2014-08-27,1937,Terra,MODIS,40,6.03,297.6,6.4,D,0
48.3812,-123.5641,311.6,1.1,1.0,2014-09-12,2122,Aqua,MODIS,70,6.03,295.8,8.7,D,0
48.3794,-123.5785,310.6,1.1,1.0,2014-09-12,2122,Aqua,MODIS,69,6.03,295.0,8.0,D,0
49.2856,-122.216,326.9,1.1,1.0,2014-09-14,0552,Terra,MODIS,100,6.03,289.0,29.0,N,0
49.0318,-122.7004,329.0,1.0,1.0,2014-09-14,1925,Terra,MODIS,85,6.03,299.2,23.8,D,0
49.0096,-122.6213,311.0,1.0,1.0,2014-09-14,1925,Terra,MODIS,68,6.03,298.4,6.1,D,0
49.0013,-122.3992,312.6,1.1,1.0,2014-09-16,2057,Aqua,MODIS,71,6.03,297.3,6.6,D,0
48.8969,-123.7146,302.7,1.1,1.0,2014-09-28,2122,Aqua,MODIS,50,6.03,292.2,4.1,D,0
48.9021,-123.7184,304.4,1.2,1.1,2014-09-30,0552,Terra,MODIS,60,6.03,282.8,11.2,N,0
48.8973,-123.7172,302.2,1.0,1.0,2014-09-30,1925,Terra,MODIS,32,6.03,287.4,4.6,D,0
48.8952,-123.7037,302.6,1.0,1.0,2014-09-30,1925,Terra,MODIS,42,6.03,289.0,4.8,D,0
49.2962,-122.008,303.6,1.1,1.0,2014-10-07,2115,Aqua,MODIS,53,6.03,286.9,6.7,D,0
49.2944,-122.0226,300.1,1.1,1.0,2014-10-07,2115,Aqua,MODIS,25,6.03,285.3,4.9,D,0
49.8182,-123.9795,305.3,1.3,1.1,2014-10-09,0546,Terra,MODIS,64,6.03,284.5,13.6,N,0
49.8277,-123.9854,314.0,1.3,1.1,2014-10-09,0546,Terra,MODIS,88,6.03,284.4,22.3,N,0
49.6196,-123.9683,310.9,2.0,1.4,2014-10-26,2001,Terra,MODIS,67,6.03,280.8,36.6,D,0
49.6217,-123.9621,318.8,2.0,1.4,2014-10-26,2001,Terra,MODIS,54,6.03,280.8,50.5,D,0
49.6143,-123.9457,309.6,2.0,1.4,2014-10-26,2001,Terra,MODIS,65,6.03,278.6,34.2,D,0
48.9885,-123.9554,318.6,1.9,1.3,2014-10-29,2039,Aqua,MODIS,70,6.03,280.2,46.5,D,0
48.9928,-123.9622,322.7,1.9,1.3,2014-10-29,2039,Aqua,MODIS,75,6.03,280.6,56.8,D,0
48.9879,-123.9316,311.9,1.0,1.0,2014-10-30,0604,Terra,MODIS,84,6.03,276.9,15.3,N,0
48.9859,-123.9451,309.3,1.0,1.0,2014-10-30,0604,Terra,MODIS,77,6.03,277.3,13.4,N,0
49.6974,-123.5984,308.4,1.0,1.0,2014-11-01,1925,Terra,MODIS,63,6.03,279.2,11.6,D,0
49.7151,-123.5922,328.1,1.0,1.0,2014-11-01,1925,Terra,MODIS,85,6.03,280.0,29.0,D,0
49.7233,-123.598,301.5,1.7,1.3,2014-11-02,0635,Terra,MODIS,42,6.03,274.4,19.6,N,0
48.4271,-123.8346,325.4,1.6,1.2,2014-11-04,2140,Aqua,MODIS,79,6.03,278.7,50.1,D,0
48.4254,-123.8548,338.2,1.6,1.2,2014-11-04,2140,Aqua,MODIS,89,6.03,281.1,83.3,D,0
48.9193,-123.9025,312.8,1.9,1.3,2014-11-11,2146,Aqua,MODIS,73,6.03,271.0,42.4,D,0
48.9194,-123.8942,307.3,1.9,1.3,2014-11-12,0533,Terra,MODIS,71,6.03,267.8,33.4,N,0
48.4208,-123.8318,312.3,1.2,1.1,2014-11-12,1906,Terra,MODIS,72,6.03,276.7,20.2,D,0
48.4184,-123.84,345.5,1.4,1.2,2014-11-12,2051,Aqua,MODIS,94,6.03,279.5,92.5,D,0
48.9135,-123.8918,312.1,1.4,1.2,2014-11-12,2051,Aqua,MODIS,72,6.03,270.6,25.2,D,0
48.9175,-123.8834,304.5,1.1,1.0,2014-11-13,0616,Terra,MODIS,60,6.03,267.4,12.5,N,0
48.971,-123.8289,312.9,1.5,1.2,2014-11-13,1949,Terra,MODIS,69,6.03,275.1,29.6,D,0
48.9728,-123.8406,302.1,1.4,1.2,2014-11-13,2134,Aqua,MODIS,35,6.03,275.8,12.7,D,0
48.5083,-123.6453,305.6,1.4,1.2,2014-11-13,2134,Aqua,MODIS,58,6.03,275.5,17.0,D,0
48.5065,-123.663,301.9,1.4,1.2,2014-11-13,2134,Aqua,MODIS,50,6.03,275.8,13.3,D,0
48.8173,-123.9964,321.7,1.3,1.1,2014-11-13,2134,Aqua,MODIS,81,6.03,279.4,36.1,D,0
48.966,-123.8326,303.9,1.4,1.2,2014-11-13,2134,Aqua,MODIS,37,6.03,275.4,14.2,D,0
48.9747,-123.8212,306.3,1.4,1.2,2014-11-13,2134,Aqua,MODIS,36,6.03,276.4,15.9,D,0
49.7328,-123.5574,309.1,1.1,1.0,2014-12-01,2122,Aqua,MODIS,59,6.03,269.3,16.8,D,0
49.0966,-122.78,300.5,1.2,1.1,2015-03-04,2052,Aqua,MODIS,37,6.03,285.5,5.6,D,2
49.0996,-122.7691,301.1,1.2,1.1,2015-03-04,2052,Aqua,MODIS,42,6.03,285.6,5.8,D,0
49.0467,-123.0872,301.0,1.1,1.0,2015-04-01,1931,Terra,MODIS,33,6.03,288.2,3.8,D,0
49.0009,-123.8387,315.1,1.2,1.1,2015-05-17,2128,Aqua,MODIS,64,6.03,293.3,13.9,D,0
49.965,-123.6822,336.3,2.9,1.6,2015-05-20,2159,Aqua,MODIS,85,6.03,288.6,167.6,D,0
49.9707,-123.6452,325.3,2.0,1.4,2015-05-21,0954,Aqua,MODIS,100,6.03,282.8,73.3,N,0
49.972,-123.6873,302.3,2.0,1.4,2015-05-21,0954,Aqua,MODIS,48,6.03,285.0,20.7,N,0
49.9697,-123.6559,319.8,2.0,1.4,2015-05-21,0954,Aqua,MODIS,99,6.03,284.1,56.9,N,0
49.9729,-123.6789,323.5,2.0,1.4,2015-05-21,0954,Aqua,MODIS,100,6.03,285.2,66.9,N,0
49.4148,-122.1607,300.1,1.0,1.0,2015-05-28,1925,Terra,MODIS,24,6.03,287.5,2.7,D,0
48.9109,-123.7405,310.5,1.0,1.0,2015-05-28,1925,Terra,MODIS,47,6.03,299.8,6.8,D,2
48.4748,-123.9008,316.1,1.6,1.3,2015-06-10,1855,Terra,MODIS,72,6.03,294.0,22.4,D,0
48.4607,-123.9057,317.3,1.9,1.4,2015-06-10,2039,Aqua,MODIS,77,6.03,296.9,35.4,D,0
48.9907,-123.8224,311.4,1.2,1.1,2015-06-11,1938,Terra,MODIS,36,6.03,299.4,11.0,D,0
49.5202,-123.8202,306.6,2.1,1.4,2015-07-03,0528,Terra,MODIS,69,6.03,291.9,20.1,N,0
49.5201,-123.8126,328.3,1.4,1.2,2015-07-03,1901,Terra,MODIS,63,6.03,296.8,36.1,D,0
49.5259,-123.8177,312.7,1.4,1.2,2015-07-03,1901,Terra,MODIS,42,6.03,296.0,11.4,D,0
49.5154,-123.8197,312.0,1.4,1.2,2015-07-03,1901,Terra,MODIS,40,6.03,296.4,10.2,D,0
49.5156,-123.8311,311.0,1.5,1.2,2015-07-03,2046,Aqua,MODIS,57,6.03,297.4,11.5,D,0
49.5195,-123.8124,322.1,1.5,1.2,2015-07-03,2046,Aqua,MODIS,0,6.03,296.6,29.0,D,0
49.5229,-123.8154,351.0,1.0,1.0,2015-07-04,0611,Terra,MODIS,100,6.03,299.1,65.0,N,0
49.5211,-123.8293,328.6,1.0,1.0,2015-07-04,0611,Terra,MODIS,100,6.03,295.3,26.9,N,0
49.5281,-123.8139,327.4,1.1,1.0,2015-07-04,1018,Aqua,MODIS,100,6.03,293.4,30.2,N,0
49.5202,-123.8206,313.0,1.3,1.1,2015-07-04,1944,Terra,MODIS,54,6.03,297.8,10.8,D,0
49.5299,-123.8157,310.1,1.3,1.1,2015-07-04,1944,Terra,MODIS,32,6.03,296.1,7.9,D,0
49.5255,-123.8159,317.1,1.2,1.1,2015-07-04,2128,Aqua,MODIS,52,6.03,298.7,12.6,D,0
49.5247,-123.8349,302.8,3.0,1.6,2015-07-05,0516,Terra,MODIS,51,6.03,292.7,21.3,N,0
49.5215,-123.8251,313.8,1.0,1.0,2015-07-06,0559,Terra,MODIS,88,6.03,297.0,12.1,N,0
49.5302,-123.82,328.9,1.0,1.0,2015-07-06,0559,Terra,MODIS,100,6.03,298.7,28.6,N,0
49.528,-123.8339,318.1,1.0,1.0,2015-07-06,0559,Terra,MODIS,96,6.03,295.6,16.1,N,0
49.5392,-123.8237,323.8,1.0,1.0,2015-07-06,0559,Terra,MODIS,100,6.03,294.4,22.1,N,0
49.5369,-123.8374,316.4,1.0,1.0,2015-07-06,0559,Terra,MODIS,93,6.03,294.2,14.5,N,0
49.5342,-123.8078,311.1,1.4,1.2,2015-07-06,1006,Aqua,MODIS,82,6.03,292.4,16.5,N,0
49.5359,-123.8259,312.5,1.4,1.2,2015-07-06,1006,Aqua,MODIS,85,6.03,292.2,18.7,N,0
49.5297,-123.8224,328.6,1.0,1.0,2015-07-06,1932,Terra,MODIS,84,6.03,295.6,25.7,D,0
49.5287,-123.8257,337.9,1.0,1.0,2015-07-06,2116,Aqua,MODIS,90,6.03,297.9,36.0,D,0
49.5268,-123.8395,331.5,1.0,1.0,2015-07-06,2116,Aqua,MODIS,66,6.03,296.9,26.2,D,0
49.5376,-123.8285,319.3,1.0,1.0,2015-07-06,2116,Aqua,MODIS,65,6.03,294.8,13.5,D,0
49.5328,-123.8302,310.3,2.0,1.4,2015-07-07,0642,Terra,MODIS,80,6.03,290.7,27.6,N,0
49.5399,-123.8237,313.3,1.3,1.1,2015-07-07,1049,Aqua,MODIS,87,6.03,289.7,18.5,N,0
49.5303,-123.829,300.6,1.3,1.1,2015-07-07,1049,Aqua,MODIS,26,6.03,288.6,6.8,N,0
49.5337,-123.8362,310.6,3.0,1.6,2015-07-07,2021,Aqua,MODIS,47,6.03,292.6,42.4,D,0
49.5333,-123.84,311.6,3.0,1.6,2015-07-07,2021,Aqua,MODIS,48,6.03,292.6,46.7,D,0
49.5336,-123.8481,310.6,2.8,1.6,2015-07-07,2159,Aqua,MODIS,48,6.03,293.9,35.8,D,0
49.5224,-123.8559,305.4,2.8,1.6,2015-07-07,2159,Aqua,MODIS,27,6.03,294.2,19.4,D,0
49.538,-123.8365,337.0,1.3,1.1,2015-07-08,0547,Terra,MODIS,100,6.03,293.1,56.7,N,0
49.5348,-123.8531,302.5,1.3,1.1,2015-07-08,0547,Terra,MODIS,40,6.03,289.8,7.2,N,0
49.5477,-123.841,302.6,1.3,1.1,2015-07-08,0547,Terra,MODIS,48,6.03,289.8,7.4,N,0
49.5378,-123.8441,307.3,1.0,1.0,2015-07-08,1919,Terra,MODIS,38,6.03,295.6,4.7,D,0
49.5359,-123.8304,308.5,1.0,1.0,2015-07-08,1919,Terra,MODIS,49,6.03,296.1,5.6,D,0
49.5379,-123.8469,309.5,1.1,1.0,2015-07-08,2104,Aqua,MODIS,53,6.03,298.4,5.5,D,0
49.5298,-123.8569,310.5,1.9,1.4,2015-07-09,2147,Aqua,MODIS,55,6.03,300.2,13.0,D,0
49.5318,-123.8286,310.7,1.9,1.4,2015-07-09,2147,Aqua,MODIS,42,6.03,298.5,13.4,D,0
49.5237,-123.836,319.3,1.9,1.4,2015-07-09,2147,Aqua,MODIS,56,6.03,299.4,32.0,D,0
48.9907,-123.8234,311.0,1.3,1.1,2015-07-20,1944,Terra,MODIS,41,6.03,298.0,11.8,D,0
48.8111,-123.9465,309.6,1.0,1.0,2015-07-29,0605,Terra,MODIS,78,6.03,288.9,10.7,N,0
48.8133,-123.9292,306.8,1.2,1.1,2015-07-29,1012,Aqua,MODIS,69,6.03,278.4,14.1,N,0
48.8022,-123.9403,312.3,1.1,1.0,2015-07-29,2122,Aqua,MODIS,56,6.03,301.4,6.5,D,0
49.1222,-122.6095,321.6,1.0,1.0,2015-08-07,2116,Aqua,MODIS,78,6.03,300.6,11.4,D,0
49.1219,-122.6049,311.3,1.5,1.2,2015-09-06,1944,Terra,MODIS,27,6.03,292.5,13.1,D,0
49.1322,-122.5999,314.6,1.5,1.2,2015-09-06,1944,Terra,MODIS,58,6.03,291.5,18.2,D,0
49.0669,-123.8499,301.3,1.0,1.0,2015-09-26,1919,Terra,MODIS,46,6.03,290.4,4.2,D,0
49.065,-123.8361,302.0,1.0,1.0,2015-09-26,1919,Terra,MODIS,50,6.03,290.4,4.7,D,0
48.818,-123.6335,301.0,1.1,1.0,2015-09-26,2103,Aqua,MODIS,33,6.03,288.2,5.8,D,0
49.1344,-122.5222,305.1,1.0,1.0,2015-09-26,2103,Aqua,MODIS,57,6.03,286.2,7.1,D,0
49.0619,-123.8508,307.7,1.1,1.0,2015-09-26,2103,Aqua,MODIS,66,6.03,291.6,8.7,D,0
49.7339,-123.4887,322.4,1.7,1.3,2015-09-30,2039,Aqua,MODIS,60,6.03,286.4,43.1,D,0
49.7351,-123.4705,313.6,1.7,1.3,2015-09-30,2039,Aqua,MODIS,64,6.03,286.3,30.2,D,0
49.7308,-123.49,315.0,1.7,1.3,2015-09-30,2039,Aqua,MODIS,0,6.03,286.0,32.3,D,0
49.7421,-123.4752,307.8,1.0,1.0,2015-10-01,0604,Terra,MODIS,72,6.03,284.9,10.5,N,0
49.7401,-123.4888,319.5,1.0,1.0,2015-10-01,0604,Terra,MODIS,99,6.03,285.2,20.3,N,0
49.7381,-123.5024,300.5,1.0,1.0,2015-10-01,0604,Terra,MODIS,17,6.03,284.7,5.7,N,0
49.9395,-123.7034,360.0,1.1,1.1,2015-10-01,1937,Terra,MODIS,100,6.03,289.8,102.3,D,0
49.9332,-123.6971,349.6,1.1,1.1,2015-10-01,1937,Terra,MODIS,96,6.03,288.4,73.7,D,0
49.936,-123.713,334.9,1.1,1.1,2015-10-01,1937,Terra,MODIS,89,6.03,287.1,43.2,D,0
49.9369,-123.6883,337.0,1.1,1.1,2015-10-01,1937,Terra,MODIS,90,6.03,287.8,46.7,D,0
49.1402,-122.5738,303.8,1.2,1.1,2015-10-01,2121,Aqua,MODIS,57,6.03,292.3,4.7,D,0
49.9317,-123.7036,340.9,1.1,1.0,2015-10-01,2122,Aqua,MODIS,92,6.03,289.4,51.2,D,0
49.9298,-123.7198,310.0,1.1,1.0,2015-10-01,2122,Aqua,MODIS,69,6.03,288.0,10.5,D,0
49.9412,-123.7048,338.0,1.1,1.0,2015-10-01,2122,Aqua,MODIS,91,6.03,291.6,45.2,D,0
49.9392,-123.7214,338.3,1.1,1.0,2015-10-01,2122,Aqua,MODIS,91,6.03,290.0,45.5,D,0
49.1277,-122.0601,300.9,1.1,1.0,2015-10-03,1925,Terra,MODIS,43,6.03,290.1,3.9,D,0
49.0698,-122.0734,301.4,1.0,1.0,2015-10-03,2109,Aqua,MODIS,34,6.03,290.9,4.0,D,0
49.503,-122.0013,339.9,2.5,1.5,2015-10-13,2001,Terra,MODIS,0,6.03,282.2,175.9,D,0
49.5026,-122.0006,328.6,2.4,1.5,2015-10-13,2146,Aqua,MODIS,81,6.03,284.4,102.9,D,0
49.4981,-122.008,307.6,2.4,1.5,2015-10-13,2146,Aqua,MODIS,62,6.03,282.8,33.8,D,0
49.5115,-122.0108,326.4,2.4,1.5,2015-10-13,2146,Aqua,MODIS,64,6.03,283.9,91.2,D,0
49.3564,-122.0753,307.0,1.6,1.3,2015-10-15,2134,Aqua,MODIS,65,6.03,287.7,18.4,D,0
49.3543,-122.1012,300.8,1.6,1.3,2015-10-15,2134,Aqua,MODIS,41,6.03,284.7,11.0,D,0
49.5087,-122.0028,304.5,1.7,1.3,2015-10-15,2134,Aqua,MODIS,59,6.03,269.4,19.4,D,0
49.1196,-122.049,305.0,1.2,1.1,2015-10-23,1900,Terra,MODIS,60,6.03,285.8,9.3,D,0
48.5988,-123.8714,315.8,1.4,1.2,2015-10-30,2051,Aqua,MODIS,56,6.03,281.2,27.0,D,0
48.6504,-123.9198,339.4,1.4,1.2,2015-10-30,2051,Aqua,MODIS,89,6.03,284.0,72.6,D,0
48.6609,-123.7511,318.0,1.1,1.0,2015-11-02,2121,Aqua,MODIS,0,6.03,276.0,20.7,D,0
49.0792,-123.8547,316.8,1.1,1.0,2015-11-02,2122,Aqua,MODIS,73,6.03,282.7,19.3,D,0
49.9571,-122.4835,314.4,2.1,1.4,2015-11-03,2027,Aqua,MODIS,75,6.03,275.8,51.3,D,0
48.4213,-123.9447,303.0,1.2,1.1,2015-11-04,0552,Terra,MODIS,52,6.03,271.8,13.5,N,0
48.6465,-123.9204,311.2,1.2,1.1,2015-11-04,0552,Terra,MODIS,82,6.03,270.6,20.6,N,0
49.9662,-122.4878,301.1,1.1,1.0,2015-11-04,0552,Terra,MODIS,37,6.03,272.6,9.3,N,0
49.9912,-122.4284,319.5,2.8,1.6,2015-11-05,2007,Terra,MODIS,79,6.03,275.2,93.8,D,0
49.9873,-122.4321,318.1,2.8,1.6,2015-11-05,2007,Terra,MODIS,78,6.03,276.6,88.2,D,0
48.4316,-123.8971,317.7,1.1,1.0,2015-11-11,1931,Terra,MODIS,78,6.03,279.0,21.5,D,0
49.9155,-123.2823,302.6,1.0,1.0,2015-11-11,2116,Aqua,MODIS,50,6.03,275.7,9.4,D,0
49.7662,-122.2299,304.6,1.0,1.0,2015-11-18,0604,Terra,MODIS,61,6.03,274.5,11.5,N,0
49.7781,-122.2332,301.7,1.0,1.0,2015-11-20,0552,Terra,MODIS,43,6.03,271.7,10.1,N,0
49.6876,-122.737,306.9,1.3,1.1,2015-11-25,2128,Aqua,MODIS,36,6.03,268.7,16.3,D,0
49.6859,-122.7204,304.0,1.3,1.1,2015-11-25,2128,Aqua,MODIS,47,6.03,269.0,14.0,D,0
49.1186,-122.6208,308.8,1.6,1.2,2016-04-09,2040,Aqua,MODIS,52,6.03,293.9,11.4,D,0
49.4829,-123.0475,301.0,1.6,1.3,2016-06-27,1950,Terra,MODIS,17,6.03,278.4,5.5,D,0
48.9925,-123.826,312.7,1.5,1.2,2016-06-27,1950,Terra,MODIS,53,6.03,301.3,15.3,D,0
49.0304,-123.8068,336.6,1.2,1.1,2016-06-29,1938,Terra,MODIS,0,6.03,296.4,43.2,D,0
49.0327,-123.7992,340.3,1.2,1.1,2016-06-29,1938,Terra,MODIS,69,6.03,295.8,50.2,D,0
49.0317,-123.8046,314.7,1.1,1.0,2016-06-29,2121,Aqua,MODIS,38,6.03,298.7,8.7,D,0
49.0225,-123.802,350.7,1.1,1.0,2016-06-29,2121,Aqua,MODIS,72,6.03,297.9,64.3,D,0
49.1334,-123.0037,323.1,1.0,1.0,2016-07-03,1913,Terra,MODIS,78,6.03,297.2,16.2,D,2
49.1257,-123.017,322.1,1.1,1.0,2016-07-03,2057,Aqua,MODIS,67,6.03,300.1,14.9,D,2
49.1282,-123.0023,356.9,1.1,1.0,2016-07-03,2057,Aqua,MODIS,98,6.03,299.5,82.7,D,2
49.1285,-123.0198,312.9,1.1,1.0,2016-07-19,2057,Aqua,MODIS,46,6.03,297.9,7.4,D,2
48.9935,-123.8321,311.6,1.1,1.0,2016-07-24,1932,Terra,MODIS,66,6.03,299.9,8.5,D,0
48.9108,-123.7368,312.7,1.0,1.0,2016-07-26,1919,Terra,MODIS,33,6.03,300.1,6.9,D,2
49.3114,-122.2585,318.9,1.1,1.0,2016-08-20,2057,Aqua,MODIS,54,6.03,301.6,13.6,D,0
49.1484,-122.8923,305.1,1.3,1.1,2016-08-21,0623,Terra,MODIS,63,6.03,291.0,9.7,N,2
48.6023,-123.5436,327.0,1.0,1.0,2016-08-25,2115,Aqua,MODIS,71,6.03,300.1,19.9,D,0
49.0674,-122.7137,301.9,1.0,1.0,2016-10-05,1925,Terra,MODIS,49,6.03,290.5,3.6,D,0
48.4059,-123.9322,312.8,1.0,1.0,2016-10-19,0604,Terra,MODIS,86,6.03,278.6,15.8,N,0
48.7452,-123.9634,301.5,1.0,1.0,2016-10-19,0604,Terra,MODIS,30,6.03,278.0,8.1,N,0
48.754,-123.9666,300.2,1.0,1.0,2016-10-19,0604,Terra,MODIS,21,6.03,276.8,7.9,N,0
48.4107,-123.9523,303.8,1.2,1.1,2016-10-21,0551,Terra,MODIS,57,6.03,279.8,12.4,N,0
48.9948,-123.968,318.0,1.2,1.1,2016-10-21,0552,Terra,MODIS,96,6.03,277.9,26.7,N,0
48.4092,-123.8878,329.1,1.0,1.0,2016-10-30,1919,Terra,MODIS,62,6.03,272.6,32.2,D,0
48.9883,-123.8296,300.5,2.6,1.6,2017-07-03,2026,Aqua,MODIS,0,6.03,288.4,14.1,D,0
49.1174,-122.6205,315.6,1.0,1.0,2017-08-12,2115,Aqua,MODIS,49,6.03,299.5,6.9,D,0
49.1264,-122.6232,315.0,1.0,1.0,2017-08-12,2115,Aqua,MODIS,62,6.03,299.1,6.6,D,0
49.7223,-122.9714,309.6,1.0,1.0,2017-08-28,0558,Terra,MODIS,78,6.03,290.8,10.3,N,0
49.1031,-122.0421,303.7,1.4,1.2,2017-10-05,1854,Terra,MODIS,57,6.03,290.5,7.9,D,0
49.5071,-123.5072,303.0,1.0,1.0,2017-10-13,0610,Terra,MODIS,53,6.03,276.3,10.5,N,0
48.9619,-123.9232,326.7,1.1,1.1,2017-10-22,1937,Terra,MODIS,80,6.03,278.5,34.3,D,0
48.9527,-123.9337,365.5,1.1,1.0,2017-10-22,2121,Aqua,MODIS,100,6.03,280.2,112.6,D,0
48.9472,-123.9028,332.6,1.1,1.0,2017-10-22,2121,Aqua,MODIS,85,6.03,276.1,38.2,D,0
48.9454,-123.9173,318.7,1.1,1.0,2017-10-22,2121,Aqua,MODIS,70,6.03,275.7,21.2,D,0
48.9545,-123.9194,376.7,1.1,1.0,2017-10-22,2121,Aqua,MODIS,100,6.03,281.1,153.9,D,0
48.6769,-123.9566,317.7,1.0,1.0,2017-10-24,1925,Terra,MODIS,78,6.03,285.9,18.0,D,0
49.1951,-122.2845,314.1,1.0,1.0,2017-10-24,1925,Terra,MODIS,74,6.03,285.6,15.0,D,0
48.6762,-123.9533,320.1,1.0,1.0,2017-10-24,2109,Aqua,MODIS,80,6.03,287.6,20.0,D,0
48.6742,-123.9667,318.3,1.0,1.0,2017-10-24,2109,Aqua,MODIS,78,6.03,287.1,18.3,D,0
49.1986,-122.2744,300.3,1.0,1.0,2017-10-24,2109,Aqua,MODIS,35,6.03,286.8,5.1,D,0
49.1967,-122.2883,315.0,1.0,1.0,2017-10-24,2109,Aqua,MODIS,75,6.03,286.0,15.0,D,0
48.6066,-123.9082,302.4,1.6,1.2,2017-10-25,0634,Terra,MODIS,49,6.03,276.7,16.5,N,0
49.656,-122.679,317.7,1.0,1.0,2017-10-26,1912,Terra,MODIS,78,6.03,282.4,18.4,D,0
49.647,-122.6822,315.2,1.0,1.0,2017-10-26,1912,Terra,MODIS,75,6.03,283.7,16.0,D,0
49.6528,-122.6674,302.3,1.1,1.0,2017-10-26,2057,Aqua,MODIS,51,6.03,283.0,7.4,D,0
49.6501,-122.6831,332.0,1.1,1.0,2017-10-26,2057,Aqua,MODIS,88,6.03,284.7,37.4,D,0
49.6575,-122.6736,300.3,1.3,1.1,2017-10-27,0622,Terra,MODIS,23,6.03,279.7,10.8,N,0
49.6383,-122.6522,315.2,1.9,1.4,2017-10-27,1955,Terra,MODIS,75,6.03,288.0,39.0,D,0
48.6005,-123.9937,315.5,1.8,1.3,2017-10-27,1955,Terra,MODIS,67,6.03,290.4,31.2,D,0
48.5888,-123.9974,322.7,1.8,1.3,2017-10-27,1955,Terra,MODIS,78,6.03,289.2,46.1,D,0
49.6381,-122.6482,312.3,1.9,1.3,2017-10-27,2140,Aqua,MODIS,72,6.03,289.8,28.0,D,0
49.6366,-122.6698,305.4,1.9,1.3,2017-10-27,2140,Aqua,MODIS,59,6.03,289.4,16.3,D,0
48.4429,-123.8805,308.8,2.7,1.6,2017-10-30,0653,Terra,MODIS,76,6.03,273.7,53.0,N,0
48.4233,-123.9525,313.3,1.8,1.3,2017-10-30,1101,Aqua,MODIS,87,6.03,282.5,34.9,N,0
48.4409,-123.8625,324.0,1.8,1.3,2017-10-30,1101,Aqua,MODIS,100,6.03,283.0,61.9,N,0
48.4462,-123.8859,309.8,1.8,1.3,2017-10-30,1101,Aqua,MODIS,78,6.03,282.0,31.0,N,0
49.6358,-122.5856,303.8,1.7,1.3,2017-10-30,1848,Terra,MODIS,57,6.03,283.9,20.0,D,0
48.4315,-123.8819,320.7,2.0,1.4,2017-10-30,1848,Terra,MODIS,80,6.03,287.4,53.1,D,0
48.4296,-123.8546,300.5,2.0,1.4,2017-10-30,1848,Terra,MODIS,38,6.03,286.5,14.0,D,0
48.4302,-123.8689,308.3,2.3,1.5,2017-10-30,2032,Aqua,MODIS,59,6.03,287.8,31.5,D,0
48.4268,-123.8749,310.4,2.3,1.5,2017-10-30,2032,Aqua,MODIS,70,6.03,287.9,39.1,D,0
49.6327,-122.6008,305.6,1.8,1.3,2017-10-30,2033,Aqua,MODIS,58,6.03,283.6,24.3,D,0
48.4347,-123.8773,303.2,1.1,1.0,2017-10-31,0558,Terra,MODIS,54,6.03,275.8,10.8,N,0
48.6804,-123.9125,320.5,1.1,1.0,2017-10-31,0558,Terra,MODIS,100,6.03,276.9,25.7,N,0
48.6815,-123.9057,310.0,1.4,1.2,2017-10-31,1006,Aqua,MODIS,79,6.03,274.4,22.2,N,0
48.4113,-123.9488,303.2,1.1,1.0,2017-10-31,1931,Terra,MODIS,43,6.03,273.9,8.2,D,0
48.4203,-123.9459,311.2,1.1,1.0,2017-10-31,1931,Terra,MODIS,71,6.03,273.8,14.4,D,0
48.4379,-123.8797,300.8,1.1,1.0,2017-10-31,1931,Terra,MODIS,42,6.03,269.8,8.1,D,0
49.2593,-122.294,300.9,1.1,1.1,2017-10-31,1931,Terra,MODIS,43,6.03,276.2,9.2,D,0
48.4332,-123.8744,351.9,1.0,1.0,2017-10-31,2115,Aqua,MODIS,96,6.03,280.0,69.5,D,0
48.4313,-123.8877,314.4,1.0,1.0,2017-10-31,2115,Aqua,MODIS,61,6.03,279.5,15.4,D,0
48.432,-123.8772,332.5,1.1,1.0,2017-11-02,2103,Aqua,MODIS,85,6.03,275.5,39.5,D,0
48.4675,-123.9308,331.6,1.5,1.2,2017-11-05,1949,Terra,MODIS,43,6.03,271.4,61.0,D,0
48.4668,-123.9381,321.5,1.5,1.2,2017-11-05,1949,Terra,MODIS,53,6.03,271.0,41.2,D,0
48.4623,-123.9168,334.1,1.5,1.2,2017-11-05,1949,Terra,MODIS,86,6.03,272.2,71.5,D,0
48.4581,-123.8962,321.0,1.5,1.2,2017-11-05,1949,Terra,MODIS,45,6.03,272.4,39.9,D,0
48.4555,-123.9128,342.0,1.3,1.1,2017-11-05,2133,Aqua,MODIS,86,6.03,273.9,75.7,D,0
48.4535,-123.9316,336.5,1.3,1.1,2017-11-05,2133,Aqua,MODIS,83,6.03,273.0,62.1,D,0
48.4637,-123.9338,346.6,1.3,1.1,2017-11-05,2133,Aqua,MODIS,71,6.03,273.0,89.6,D,0
49.4711,-122.0637,312.1,1.4,1.2,2017-11-06,1854,Terra,MODIS,0,6.03,270.7,26.1,D,0
49.1904,-122.1545,321.0,1.4,1.2,2017-11-06,1854,Terra,MODIS,81,6.03,274.6,38.8,D,0
48.463,-123.8845,309.1,1.9,1.4,2017-11-06,2038,Aqua,MODIS,68,6.03,273.1,35.9,D,0
48.4809,-123.8625,302.6,1.9,1.4,2017-11-06,2038,Aqua,MODIS,44,6.03,270.1,24.0,D,0
48.4748,-123.8896,328.0,1.9,1.4,2017-11-06,2038,Aqua,MODIS,85,6.03,272.3,81.0,D,0
48.4724,-123.8635,324.2,1.9,1.4,2017-11-06,2038,Aqua,MODIS,83,6.03,271.3,71.9,D,0
48.4661,-123.8907,328.6,1.9,1.4,2017-11-06,2038,Aqua,MODIS,86,6.03,273.5,85.5,D,0
49.1833,-122.1524,304.8,1.5,1.2,2017-11-06,2038,Aqua,MODIS,60,6.03,275.0,20.2,D,0
48.4734,-123.8686,302.1,1.0,1.0,2017-11-07,0604,Terra,MODIS,21,6.03,269.3,9.5,N,0
48.4713,-123.8821,315.3,1.0,1.0,2017-11-07,0604,Terra,MODIS,91,6.03,268.8,18.9,N,0
48.4802,-123.8852,307.8,1.0,1.0,2017-11-07,0604,Terra,MODIS,72,6.03,267.6,13.3,N,0
49.4569,-122.2145,303.6,2.9,1.6,2017-11-10,2007,Terra,MODIS,37,6.03,276.8,46.7,D,0
48.9581,-123.9014,307.7,1.0,1.0,2017-11-14,0610,Terra,MODIS,56,6.03,270.4,13.3,N,0
48.9562,-123.915,306.1,1.0,1.0,2017-11-14,0610,Terra,MODIS,42,6.03,270.1,12.3,N,0
49.6709,-123.6538,302.3,1.0,1.0,2017-12-11,2109,Aqua,MODIS,38,6.03,282.1,8.3,D,0
49.1199,-122.6125,309.3,1.0,1.0,2018-04-25,2116,Aqua,MODIS,62,6.03,296.5,4.3,D,0
49.6322,-122.5879,386.6,1.1,1.0,2018-05-27,2116,Aqua,MODIS,100,6.03,298.3,196.1,D,0
49.6303,-122.6024,332.5,1.1,1.0,2018-05-27,2116,Aqua,MODIS,88,6.03,295.3,32.6,D,0
49.635,-122.5805,328.4,1.2,1.1,2018-05-29,0547,Terra,MODIS,100,6.03,277.5,39.6,N,0
48.4355,-123.8363,329.3,1.1,1.0,2018-07-03,0617,Terra,MODIS,100,6.03,281.2,33.9,N,0
48.4431,-123.8298,309.0,1.1,1.0,2018-07-03,0617,Terra,MODIS,76,6.03,281.0,13.4,N,0
48.4414,-123.8439,324.4,1.1,1.0,2018-07-03,0617,Terra,MODIS,100,6.03,281.1,28.2,N,0
48.4373,-123.8322,307.4,1.0,1.0,2018-07-03,1024,Aqua,MODIS,71,6.03,279.5,11.7,N,0
48.9943,-122.7379,302.7,1.7,1.3,2018-07-03,1950,Terra,MODIS,0,6.03,287.7,7.5,D,2
48.4319,-123.8362,319.2,1.6,1.2,2018-07-03,1951,Terra,MODIS,79,6.03,293.4,31.4,D,0
48.4427,-123.8318,325.2,1.6,1.2,2018-07-03,1951,Terra,MODIS,84,6.03,291.1,42.3,D,0
48.4287,-123.8437,326.6,1.3,1.1,2018-07-03,2134,Aqua,MODIS,84,6.03,297.4,32.5,D,0
48.4304,-123.8263,308.4,1.3,1.1,2018-07-03,2134,Aqua,MODIS,44,6.03,292.2,8.5,D,0
48.4406,-123.829,308.0,1.3,1.1,2018-07-03,2134,Aqua,MODIS,32,6.03,291.3,8.8,D,0
48.4389,-123.8465,327.7,1.3,1.1,2018-07-03,2134,Aqua,MODIS,85,6.03,293.4,35.2,D,0
48.4331,-123.8383,320.6,1.1,1.0,2018-07-14,1932,Terra,MODIS,73,6.03,304.4,13.7,D,0
48.4422,-123.8351,317.8,1.1,1.0,2018-07-14,1932,Terra,MODIS,58,6.03,301.5,10.6,D,0
48.4317,-123.838,326.0,1.0,1.0,2018-07-14,2116,Aqua,MODIS,80,6.03,308.9,16.2,D,0
49.169,-123.1075,337.6,1.3,1.1,2018-07-27,1901,Terra,MODIS,89,6.03,302.5,40.3,D,2
49.633,-122.5763,322.0,1.6,1.2,2018-08-20,2135,Aqua,MODIS,79,6.03,297.7,31.5,D,0
49.6437,-122.5836,331.3,1.6,1.2,2018-08-20,2135,Aqua,MODIS,86,6.03,295.4,51.3,D,0
49.6403,-122.5695,316.0,1.4,1.2,2018-08-21,1855,Terra,MODIS,72,6.03,298.9,18.4,D,0
49.6423,-122.5901,309.6,1.4,1.2,2018-08-21,1855,Terra,MODIS,47,6.03,298.1,9.5,D,0
49.1329,-122.6052,317.0,1.6,1.2,2018-08-21,2039,Aqua,MODIS,69,6.03,305.7,10.6,D,0
49.1285,-122.6261,320.7,1.6,1.2,2018-08-21,2039,Aqua,MODIS,76,6.03,307.1,16.2,D,0
49.6373,-122.5819,309.4,1.5,1.2,2018-08-21,2040,Aqua,MODIS,52,6.03,296.3,11.8,D,0
49.6379,-122.587,309.8,1.5,1.2,2018-08-21,2040,Aqua,MODIS,39,6.03,296.2,11.0,D,0
49.6391,-122.5763,305.2,1.0,1.0,2018-08-22,0605,Terra,MODIS,63,6.03,290.8,7.7,N,0
49.6372,-122.5898,304.1,1.0,1.0,2018-08-22,0605,Terra,MODIS,59,6.03,290.5,6.7,N,0
49.6329,-122.5734,307.5,1.3,1.1,2018-08-22,1938,Terra,MODIS,62,6.03,296.0,8.7,D,0
49.6388,-122.5749,310.6,1.2,1.1,2018-08-22,2122,Aqua,MODIS,64,6.03,295.1,10.0,D,0
49.6372,-122.5898,320.6,1.2,1.1,2018-08-22,2122,Aqua,MODIS,78,6.03,297.8,20.4,D,0
49.6373,-122.5778,303.6,1.0,1.0,2018-09-07,0605,Terra,MODIS,56,6.03,285.5,8.2,N,0
49.2814,-122.6704,300.4,1.0,1.0,2018-09-25,1926,Terra,MODIS,0,6.03,287.3,3.8,D,0
49.9693,-122.4714,302.5,1.0,1.0,2018-10-04,1919,Terra,MODIS,53,6.03,278.2,8.9,D,0
49.9619,-122.4708,305.4,1.0,1.0,2018-10-04,2103,Aqua,MODIS,61,6.03,279.8,10.5,D,0
49.9599,-122.4843,303.0,1.0,1.0,2018-10-04,2103,Aqua,MODIS,54,6.03,278.0,9.3,D,0
48.7347,-123.9598,325.0,1.2,1.1,2018-10-09,1938,Terra,MODIS,83,6.03,285.8,31.6,D,0
48.7079,-123.8961,303.0,1.1,1.0,2018-10-09,2122,Aqua,MODIS,54,6.03,286.4,7.6,D,0
48.7061,-123.9105,314.7,1.1,1.0,2018-10-09,2122,Aqua,MODIS,75,6.03,286.1,16.3,D,0
48.7298,-123.9465,327.2,1.1,1.0,2018-10-09,2122,Aqua,MODIS,85,6.03,286.7,28.2,D,0
48.7279,-123.9609,350.1,1.1,1.0,2018-10-09,2122,Aqua,MODIS,96,6.03,287.6,68.3,D,0
48.7368,-123.955,341.9,1.1,1.0,2018-10-09,2122,Aqua,MODIS,93,6.03,287.0,52.4,D,0
48.735,-123.9694,323.7,1.1,1.0,2018-10-09,2122,Aqua,MODIS,83,6.03,286.7,25.2,D,0
49.3435,-122.234,303.6,1.2,1.1,2018-10-09,2122,Aqua,MODIS,46,6.03,283.3,8.8,D,0
49.4977,-123.6952,304.4,1.1,1.0,2018-10-09,2122,Aqua,MODIS,59,6.03,284.7,8.5,D,0
49.7292,-122.3128,332.2,1.0,1.0,2018-10-11,0553,Terra,MODIS,100,6.03,279.0,38.4,N,0
49.7228,-122.2937,310.7,1.0,1.0,2018-10-11,0553,Terra,MODIS,81,6.03,277.2,15.5,N,0
49.7262,-122.3048,311.0,1.0,1.0,2018-10-11,1925,Terra,MODIS,67,6.03,277.6,14.7,D,0
49.7284,-122.3183,318.2,1.0,1.0,2018-10-11,1925,Terra,MODIS,59,6.03,278.1,20.7,D,0
48.7191,-123.6635,304.9,1.0,1.0,2018-10-11,2109,Aqua,MODIS,60,6.03,285.8,7.6,D,0
49.7188,-122.3141,316.0,1.0,1.0,2018-10-11,2109,Aqua,MODIS,76,6.03,275.4,16.1,D,0
49.4602,-123.5042,300.7,1.1,1.1,2018-10-13,2057,Aqua,MODIS,39,6.03,286.1,7.5,D,0
49.7271,-122.6773,313.2,1.2,1.1,2018-10-23,0617,Terra,MODIS,87,6.03,280.8,19.0,N,0
49.7256,-122.6912,350.2,1.2,1.1,2018-10-23,0617,Terra,MODIS,100,6.03,284.7,82.9,N,0
49.7262,-122.6809,365.8,1.0,1.0,2018-10-23,1024,Aqua,MODIS,100,6.03,285.5,106.7,N,0
49.7213,-122.693,322.8,1.7,1.3,2018-10-23,1950,Terra,MODIS,82,6.03,281.0,48.9,D,0
49.7172,-122.6744,327.5,1.7,1.3,2018-10-23,1950,Terra,MODIS,85,6.03,280.2,60.5,D,0
49.723,-122.6969,306.8,1.7,1.3,2018-10-23,1950,Terra,MODIS,64,6.03,280.2,21.8,D,0
49.7191,-122.6793,332.0,1.7,1.3,2018-10-23,1950,Terra,MODIS,88,6.03,280.9,73.4,D,0
48.9195,-123.9919,309.7,1.2,1.1,2018-10-27,0552,Terra,MODIS,78,6.03,275.8,17.7,N,0
48.6189,-123.7258,337.2,1.9,1.4,2018-11-02,1849,Terra,MODIS,83,6.03,283.9,107.1,D,0
48.6171,-123.7005,343.0,1.9,1.3,2018-11-02,1849,Terra,MODIS,80,6.03,283.9,131.0,D,0
48.6294,-123.7157,319.1,4.4,1.9,2018-11-02,2026,Terra,MODIS,25,6.03,280.0,152.3,D,0
48.6117,-123.6669,316.0,4.5,1.9,2018-11-02,2026,Terra,MODIS,43,6.03,282.4,136.7,D,0
48.629,-123.7236,321.3,4.4,1.9,2018-11-02,2026,Terra,MODIS,56,6.03,278.6,180.2,D,0
48.622,-123.687,311.4,2.2,1.4,2018-11-02,2033,Aqua,MODIS,34,6.03,280.1,36.3,D,0
48.6156,-123.7135,360.9,2.2,1.5,2018-11-02,2033,Aqua,MODIS,100,6.03,285.7,295.8,D,0
48.6085,-123.7432,312.9,2.3,1.5,2018-11-02,2033,Aqua,MODIS,53,6.03,283.4,43.8,D,0
48.9356,-123.931,320.7,1.0,1.0,2018-11-05,1919,Terra,MODIS,69,6.03,276.6,23.1,D,0
48.8311,-123.7805,313.9,1.0,1.0,2018-11-05,1919,Terra,MODIS,56,6.03,276.6,15.7,D,0
48.9284,-123.9409,338.6,1.1,1.0,2018-11-05,2103,Aqua,MODIS,89,6.03,279.1,47.9,D,0
48.8321,-123.9422,301.7,1.3,1.1,2018-11-06,0629,Terra,MODIS,44,6.03,276.8,13.5,N,0
49.6594,-123.9734,305.2,1.4,1.2,2018-11-06,0629,Terra,MODIS,56,6.03,276.7,17.8,N,0
49.6576,-123.992,301.7,1.4,1.2,2018-11-06,0629,Terra,MODIS,41,6.03,275.8,13.7,N,0
48.3936,-123.863,311.2,1.9,1.3,2018-11-06,2146,Aqua,MODIS,38,6.03,282.5,30.3,D,0
48.4381,-123.8618,300.2,1.3,1.1,2018-11-08,2134,Aqua,MODIS,20,6.03,275.7,9.1,D,0
48.4364,-123.8791,307.6,1.3,1.1,2018-11-08,2134,Aqua,MODIS,66,6.03,276.1,15.7,D,0
48.4483,-123.8646,323.4,1.3,1.1,2018-11-08,2134,Aqua,MODIS,82,6.03,275.9,36.2,D,0
48.4465,-123.882,333.6,1.3,1.1,2018-11-08,2134,Aqua,MODIS,89,6.03,276.5,55.0,D,0
49.8623,-123.142,300.8,1.2,1.1,2018-11-10,1937,Terra,MODIS,41,6.03,276.5,10.2,D,0
49.8597,-123.1282,301.5,1.2,1.1,2018-11-10,1937,Terra,MODIS,47,6.03,274.3,10.9,D,0
49.8564,-123.142,312.0,1.1,1.1,2018-11-10,2122,Aqua,MODIS,72,6.03,276.3,17.5,D,0
48.7215,-123.8479,315.6,1.2,1.1,2018-11-14,2057,Aqua,MODIS,72,6.03,273.6,22.8,D,0
48.7651,-124.0,305.5,1.2,1.1,2018-11-14,2057,Aqua,MODIS,58,6.03,269.4,14.3,D,0
48.8639,-123.8605,307.1,1.6,1.2,2018-11-16,2045,Aqua,MODIS,65,6.03,275.6,21.1,D,0
48.8967,-123.8797,327.2,1.6,1.2,2018-11-16,2045,Aqua,MODIS,85,6.03,276.4,57.5,D,0
48.9032,-123.8816,304.5,1.0,1.0,2018-11-17,0610,Terra,MODIS,60,6.03,273.5,10.8,N,0
49.0377,-122.1323,303.5,1.0,1.0,2019-03-20,1925,Terra,MODIS,44,6.03,292.5,3.9,D,0
49.0676,-122.5741,311.0,1.0,1.0,2019-05-23,1925,Terra,MODIS,68,6.03,297.5,5.3,D,0
49.8262,-123.022,303.6,1.3,1.1,2019-05-28,2128,Aqua,MODIS,0,6.03,292.7,7.9,D,0
49.4824,-123.7229,302.8,1.0,1.0,2019-06-01,2103,Aqua,MODIS,0,6.03,289.1,5.1,D,0
49.8371,-123.0259,300.3,1.0,1.0,2019-06-01,2103,Aqua,MODIS,0,6.03,284.6,3.0,D,0
48.9105,-123.7353,310.9,1.0,1.0,2019-06-15,1931,Terra,MODIS,26,6.03,298.3,6.6,D,2
49.7557,-123.6449,300.5,1.1,1.0,2019-07-28,1912,Terra,MODIS,22,6.03,288.8,4.1,D,0
49.1227,-122.4202,310.3,1.0,1.0,2019-08-27,1924,Terra,MODIS,30,6.03,299.1,4.8,D,0
49.0242,-122.3395,318.2,1.0,1.0,2019-08-27,1924,Terra,MODIS,48,6.03,302.6,6.1,D,0
49.0042,-122.324,314.0,1.0,1.0,2019-08-27,1924,Terra,MODIS,48,6.03,301.2,5.9,D,0
49.3755,-122.117,309.8,1.1,1.0,2019-10-09,1906,Terra,MODIS,69,6.03,278.0,15.7,D,0
49.3824,-122.1237,306.9,1.1,1.0,2019-10-09,1906,Terra,MODIS,63,6.03,277.8,12.8,D,0
49.3735,-122.1149,306.8,1.1,1.1,2019-10-09,2051,Aqua,MODIS,64,6.03,279.1,14.1,D,0
48.3956,-123.9221,301.5,1.0,1.0,2019-10-14,1924,Terra,MODIS,41,6.03,283.5,6.0,D,0
48.4872,-123.6874,328.5,1.2,1.1,2019-10-25,1906,Terra,MODIS,86,6.03,282.4,37.3,D,0
48.9325,-123.8425,325.9,1.2,1.1,2019-10-25,1906,Terra,MODIS,84,6.03,282.5,36.1,D,0
48.9209,-123.8276,375.5,1.2,1.1,2019-10-25,1906,Terra,MODIS,100,6.03,284.0,184.4,D,0
48.9191,-123.8118,328.4,1.2,1.1,2019-10-25,1906,Terra,MODIS,86,6.03,280.8,39.2,D,0
48.495,-123.6686,303.5,1.2,1.1,2019-10-25,1906,Terra,MODIS,45,6.03,281.5,9.3,D,0
48.4891,-123.7037,310.7,1.2,1.1,2019-10-25,1906,Terra,MODIS,70,6.03,281.7,15.6,D,0
48.4771,-123.6712,306.2,1.4,1.2,2019-10-25,2051,Aqua,MODIS,56,6.03,281.4,13.9,D,0
48.4835,-123.6939,334.9,1.4,1.2,2019-10-25,2051,Aqua,MODIS,89,6.03,283.6,58.5,D,0
48.9202,-123.8206,343.4,1.3,1.2,2019-10-25,2051,Aqua,MODIS,88,6.03,283.0,81.0,D,0
48.9168,-123.8379,340.8,1.4,1.2,2019-10-25,2051,Aqua,MODIS,87,6.03,282.8,74.6,D,0
48.9266,-123.8434,325.8,1.4,1.2,2019-10-25,2051,Aqua,MODIS,84,6.03,282.8,41.8,D,0
48.9223,-123.8202,301.6,1.1,1.0,2019-10-26,0616,Terra,MODIS,43,6.03,276.7,9.0,N,0
48.9204,-123.8346,308.9,1.1,1.0,2019-10-26,0616,Terra,MODIS,76,6.03,275.9,14.2,N,0
49.693,-122.3939,309.1,2.1,1.4,2019-10-29,1841,Terra,MODIS,64,6.03,275.0,39.4,D,0
49.691,-122.3624,321.4,2.1,1.4,2019-10-29,1841,Terra,MODIS,81,6.03,272.6,69.0,D,0
49.6905,-122.3727,327.0,2.1,1.4,2019-10-29,1841,Terra,MODIS,85,6.03,273.2,86.9,D,0
49.6978,-122.3766,308.4,2.1,1.4,2019-10-29,2027,Aqua,MODIS,67,6.03,275.6,41.0,D,0
49.6925,-122.3991,300.1,2.1,1.4,2019-10-29,2027,Aqua,MODIS,29,6.03,274.4,26.6,D,0
49.7644,-122.2624,311.6,1.0,1.0,2019-10-30,0551,Terra,MODIS,83,6.03,270.8,16.8,N,0
49.7438,-122.257,302.2,1.0,1.0,2019-10-30,1924,Terra,MODIS,51,6.03,266.7,10.2,D,0
49.7422,-122.2533,300.6,1.0,1.0,2019-10-30,2109,Aqua,MODIS,34,6.03,268.8,8.4,D,0
49.9823,-122.5054,305.9,1.4,1.2,2019-11-02,0622,Terra,MODIS,66,6.03,274.6,18.4,N,0
48.9142,-123.968,300.6,1.1,1.1,2019-11-13,1936,Terra,MODIS,0,6.03,267.7,10.5,D,0
49.3472,-122.072,307.5,1.2,1.1,2019-11-13,2121,Aqua,MODIS,65,6.03,279.9,14.2,D,0
49.3471,-122.078,303.3,1.2,1.1,2019-11-13,2121,Aqua,MODIS,52,6.03,279.5,10.7,D,0
48.5414,-123.9334,315.3,1.0,1.0,2019-11-15,2109,Aqua,MODIS,0,6.03,274.9,18.8,D,0
49.9521,-123.191,319.9,1.0,1.0,2019-11-15,2109,Aqua,MODIS,75,6.03,277.2,21.9,D,0
49.9501,-123.2048,316.4,1.0,1.0,2019-11-15,2109,Aqua,MODIS,72,6.03,275.6,18.7,D,0
49.9902,-123.2011,301.9,1.4,1.2,2019-11-19,2045,Aqua,MODIS,49,6.03,277.2,14.1,D,0
49.9869,-123.2175,305.1,1.4,1.2,2019-11-19,2045,Aqua,MODIS,57,6.03,275.5,17.6,D,0
49.9878,-123.2103,304.6,1.0,1.0,2019-11-20,0610,Terra,MODIS,61,6.03,271.1,11.3,N,0
49.346,-122.0833,301.0,1.4,1.2,2019-11-20,2127,Aqua,MODIS,44,6.03,276.1,13.5,D,0
49.573,-123.9348,317.9,1.4,1.2,2019-11-27,1948,Terra,MODIS,78,6.03,275.4,33.1,D,0
49.5691,-123.9163,331.5,1.4,1.2,2019-11-27,1948,Terra,MODIS,87,6.03,275.9,59.0,D,0
49.5587,-123.92,316.6,1.4,1.2,2019-11-27,1948,Terra,MODIS,77,6.03,275.3,31.4,D,0
49.5592,-123.9341,326.5,1.4,1.2,2019-11-27,2134,Aqua,MODIS,84,6.03,277.6,44.7,D,0
49.5609,-123.9161,314.6,1.4,1.2,2019-11-27,2134,Aqua,MODIS,75,6.03,276.1,26.7,D,0
49.5694,-123.937,306.9,1.4,1.2,2019-11-27,2134,Aqua,MODIS,64,6.03,275.8,17.7,D,0
49.0327,-122.1249,313.4,1.1,1.0,2020-04-09,2057,Aqua,MODIS,65,6.03,293.0,10.7,D,0
48.9983,-122.5046,304.0,1.1,1.0,2020-04-09,2057,Aqua,MODIS,57,6.03,293.5,4.0,D,0
48.999,-123.8399,311.6,1.2,1.1,2020-05-14,2128,Aqua,MODIS,35,6.03,292.6,11.0,D,0
49.2176,-122.6517,304.5,2.2,1.4,2020-05-19,2146,Aqua,MODIS,0,6.03,288.7,9.5,D,2
48.5279,-123.7302,308.9,1.6,1.2,2020-08-17,2045,Aqua,MODIS,47,6.03,297.7,10.6,D,0
49.0059,-122.3976,306.4,1.0,1.0,2020-08-29,1924,Terra,MODIS,56,6.03,295.8,3.6,D,0
49.0035,-122.3251,307.2,1.0,1.0,2020-08-29,1924,Terra,MODIS,61,6.03,296.7,4.8,D,0
49.0214,-122.3271,312.7,1.0,1.0,2020-08-29,1924,Terra,MODIS,60,6.03,296.9,5.8,D,0
49.1308,-122.5878,313.7,1.4,1.2,2020-09-03,1943,Terra,MODIS,39,6.03,296.3,11.6,D,0
49.1205,-122.5927,318.7,1.4,1.2,2020-09-03,1943,Terra,MODIS,72,6.03,297.0,18.8,D,0
49.3424,-122.2338,320.4,1.0,1.0,2020-09-07,2103,Aqua,MODIS,79,6.03,295.8,17.3,D,0
49.0373,-123.8685,307.9,1.5,1.2,2020-09-10,1949,Terra,MODIS,50,6.03,297.6,7.0,D,0
49.0398,-123.8614,312.2,1.5,1.2,2020-09-10,1949,Terra,MODIS,59,6.03,298.7,11.3,D,0
49.0333,-123.8693,318.8,1.3,1.1,2020-09-10,2134,Aqua,MODIS,63,6.03,301.5,18.0,D,0
48.5492,-123.8889,306.5,1.0,1.0,2020-10-14,2121,Aqua,MODIS,64,6.03,280.5,10.5,D,0
48.5475,-123.9027,354.2,1.0,1.0,2020-10-14,2121,Aqua,MODIS,97,6.03,283.7,79.8,D,0
48.5457,-123.9166,328.0,1.0,1.0,2020-10-14,2121,Aqua,MODIS,85,6.03,282.1,30.5,D,0
48.6379,-123.8663,316.8,1.0,1.0,2020-10-16,1925,Terra,MODIS,67,6.03,284.0,16.7,D,0
48.6383,-123.8775,316.9,1.0,1.0,2020-10-16,2109,Aqua,MODIS,67,6.03,285.9,16.4,D,0
48.6322,-123.9176,312.5,1.0,1.0,2020-10-16,2109,Aqua,MODIS,54,6.03,284.6,13.5,D,0
48.6648,-123.9501,322.9,1.0,1.0,2020-10-16,2109,Aqua,MODIS,0,6.03,283.3,22.6,D,0
49.6841,-123.9624,322.2,1.2,1.1,2020-10-21,1943,Terra,MODIS,40,6.03,281.6,28.5,D,0
49.6814,-123.9532,317.6,1.2,1.1,2020-10-21,1943,Terra,MODIS,48,6.03,279.6,23.1,D,0
49.599,-123.9032,317.6,1.2,1.1,2020-10-21,1943,Terra,MODIS,78,6.03,275.9,26.0,D,0
49.5958,-123.8865,331.2,1.2,1.1,2020-10-21,1943,Terra,MODIS,82,6.03,277.5,46.7,D,0
48.5897,-123.5788,320.7,1.3,1.1,2020-10-21,1943,Terra,MODIS,63,6.03,279.7,29.9,D,0
49.6094,-123.9211,300.9,1.2,1.1,2020-10-21,2128,Aqua,MODIS,43,6.03,275.4,9.2,D,0
49.6873,-123.962,311.5,1.2,1.1,2020-10-21,2128,Aqua,MODIS,62,6.03,282.9,17.2,D,0
49.6061,-123.187,313.3,3.0,1.7,2020-10-24,2013,Terra,MODIS,56,6.03,273.6,88.2,D,0
49.6067,-123.1909,309.1,3.0,1.7,2020-10-24,2013,Terra,MODIS,51,6.03,274.2,72.9,D,0
49.6013,-123.1966,304.2,3.0,1.6,2020-10-24,2158,Aqua,MODIS,44,6.03,274.8,55.0,D,0
49.5996,-123.1999,301.4,3.0,1.6,2020-10-24,2158,Aqua,MODIS,0,6.03,274.8,47.0,D,0
49.6186,-123.1741,318.0,1.2,1.1,2020-10-30,1936,Terra,MODIS,0,6.03,274.4,22.4,D,0
49.6094,-123.1788,321.3,1.2,1.1,2020-10-30,1936,Terra,MODIS,58,6.03,274.6,25.7,D,0
49.6125,-123.183,334.5,1.1,1.1,2020-10-30,2122,Aqua,MODIS,84,6.03,279.9,43.3,D,0
48.9348,-123.8587,322.2,2.0,1.4,2020-11-07,1848,Terra,MODIS,50,6.03,272.4,62.1,D,0
48.9387,-123.8625,320.5,2.2,1.4,2020-11-07,2033,Aqua,MODIS,0,6.03,272.9,68.2,D,0
48.9546,-123.9242,310.3,3.9,1.8,2020-11-07,2211,Aqua,MODIS,35,6.03,274.5,98.5,D,0
48.9396,-123.8562,302.6,1.1,1.0,2020-11-08,0557,Terra,MODIS,50,6.03,271.9,11.4,N,0
48.4234,-123.9356,301.2,1.0,1.0,2020-11-08,2115,Aqua,MODIS,45,6.03,277.9,8.1,D,0
49.0362,-122.1426,307.9,1.1,1.0,2021-04-12,2057,Aqua,MODIS,66,6.03,290.0,7.8,D,0
49.021,-122.3392,306.8,1.1,1.0,2021-04-12,2057,Aqua,MODIS,56,6.03,290.7,5.8,D,0
49.1017,-122.0253,305.2,1.0,1.0,2021-04-12,2057,Aqua,MODIS,47,6.03,289.1,5.4,D,0
49.0543,-122.4279,302.1,1.1,1.0,2021-04-12,2057,Aqua,MODIS,50,6.03,290.8,3.7,D,0
49.1275,-122.4314,305.9,1.1,1.0,2021-04-12,2057,Aqua,MODIS,62,6.03,290.1,7.2,D,0
49.1542,-122.6452,310.8,1.5,1.2,2021-04-20,0627,Terra,MODIS,81,6.03,281.3,24.6,N,0
49.1526,-122.6383,321.2,1.5,1.2,2021-04-20,0627,Terra,MODIS,100,6.03,281.2,40.9,N,2
49.1507,-122.659,319.1,1.5,1.2,2021-04-20,0627,Terra,MODIS,98,6.03,281.0,37.1,N,0
49.1731,-122.6769,319.6,1.4,1.2,2021-06-02,1940,Terra,MODIS,28,6.03,305.5,16.2,D,2
49.4039,-123.5197,303.3,1.3,1.1,2021-06-18,1940,Terra,MODIS,0,6.03,290.6,6.1,D,2
49.4831,-123.7251,312.3,1.0,1.0,2021-07-24,1915,Terra,MODIS,54,6.03,300.0,8.6,D,0
49.9431,-123.2875,308.3,2.0,1.4,2021-08-04,0524,Terra,MODIS,74,6.03,291.2,24.0,N,0
49.9469,-123.2861,300.8,4.2,1.9,2021-08-04,0702,Terra,MODIS,34,6.03,289.1,40.8,N,0
48.8621,-123.7944,315.9,1.8,1.3,2021-08-06,1101,Aqua,MODIS,92,6.03,288.0,38.1,N,0
48.8722,-123.8069,305.0,1.8,1.3,2021-08-06,1101,Aqua,MODIS,62,6.03,287.4,19.7,N,0
48.8674,-123.7857,309.7,1.8,1.3,2021-08-06,1101,Aqua,MODIS,78,6.03,287.2,26.6,N,0
49.0169,-123.8936,307.2,1.8,1.3,2021-08-19,1951,Terra,MODIS,26,6.03,294.1,9.7,D,0
49.0124,-123.8895,313.3,1.8,1.3,2021-08-19,1951,Terra,MODIS,71,6.03,294.4,20.0,D,0
49.0078,-123.9093,334.8,1.6,1.2,2021-08-19,2140,Aqua,MODIS,88,6.03,298.7,60.3,D,0
49.0096,-123.8865,339.0,1.6,1.2,2021-08-19,2140,Aqua,MODIS,86,6.03,296.9,72.0,D,0
49.0069,-123.9019,356.9,1.6,1.2,2021-08-19,2140,Aqua,MODIS,98,6.03,298.8,145.8,D,0
49.0089,-123.8789,318.9,1.6,1.2,2021-08-19,2140,Aqua,MODIS,73,6.03,296.1,24.4,D,0
49.0106,-123.8994,349.9,2.3,1.5,2021-08-20,0523,Terra,MODIS,100,6.03,289.6,213.1,N,0
49.0037,-123.9279,300.0,2.3,1.5,2021-08-20,0523,Terra,MODIS,2,6.03,284.7,19.0,N,0
49.0122,-123.8821,313.8,3.5,1.8,2021-08-20,0935,Aqua,MODIS,88,6.03,280.1,99.2,N,0
49.0176,-123.8866,313.6,3.5,1.8,2021-08-20,0935,Aqua,MODIS,87,6.03,280.2,97.5,N,0
49.0086,-123.8853,326.9,1.4,1.2,2021-08-20,1856,Terra,MODIS,80,6.03,292.3,38.9,D,0
49.1177,-122.6112,312.4,1.6,1.3,2021-08-29,2039,Aqua,MODIS,42,6.03,299.9,10.1,D,0
49.1131,-122.6325,315.1,1.6,1.3,2021-08-29,2039,Aqua,MODIS,55,6.03,300.4,12.9,D,2
49.0378,-122.1381,307.4,1.0,1.0,2021-09-01,1921,Terra,MODIS,45,6.03,293.8,4.8,D,0
49.0533,-122.1871,320.5,1.0,1.0,2021-09-01,2109,Aqua,MODIS,79,6.03,297.0,15.9,D,0
49.126,-122.5983,317.1,1.4,1.2,2021-09-06,1939,Terra,MODIS,76,6.03,292.6,19.1,D,0
49.6648,-122.3827,304.8,1.2,1.1,2021-10-01,1932,Terra,MODIS,56,6.03,279.3,12.9,D,0
49.666,-122.3934,317.7,1.2,1.1,2021-10-01,2122,Aqua,MODIS,73,6.03,279.5,24.4,D,0
49.8148,-122.3348,303.8,1.3,1.1,2021-10-07,2045,Aqua,MODIS,53,6.03,277.1,13.1,D,0
49.8116,-122.3515,304.5,1.3,1.1,2021-10-07,2045,Aqua,MODIS,57,6.03,276.4,13.7,D,0
49.7146,-122.3481,303.9,1.4,1.2,2021-10-08,1938,Terra,MODIS,57,6.03,270.1,11.4,D,0
49.7166,-122.3401,315.3,1.4,1.2,2021-10-08,2128,Aqua,MODIS,75,6.03,281.8,25.2,D,0
49.715,-122.3578,342.9,1.4,1.2,2021-10-08,2128,Aqua,MODIS,93,6.03,283.3,81.3,D,0
49.7127,-122.3814,309.1,1.4,1.2,2021-10-08,2128,Aqua,MODIS,27,6.03,280.7,16.4,D,0
48.7087,-123.9875,336.8,1.0,1.0,2021-10-10,2115,Aqua,MODIS,90,6.03,278.2,42.7,D,0
49.8964,-123.1289,312.5,1.1,1.0,2021-10-19,0547,Terra,MODIS,85,6.03,270.1,19.1,N,0
49.6912,-123.9675,314.9,1.2,1.1,2021-11-09,2128,Aqua,MODIS,47,6.03,275.1,22.4,D,0
49.0386,-122.1278,306.9,1.1,1.0,2022-04-13,1915,Terra,MODIS,64,6.03,279.4,10.1,D,0
49.0261,-122.341,301.4,1.0,1.0,2022-04-13,1915,Terra,MODIS,32,6.03,284.5,4.1,D,0
48.8784,-123.5482,301.0,1.2,1.1,2022-06-30,1925,Terra,MODIS,0,6.03,287.9,2.5,D,0
49.2423,-122.7618,319.2,1.0,1.0,2022-07-27,1905,Terra,MODIS,8,6.03,307.0,10.8,D,2
49.4851,-123.7228,308.1,1.1,1.0,2022-08-05,1859,Terra,MODIS,34,6.03,296.8,6.9,D,0
49.6016,-122.0988,301.0,1.0,1.0,2022-09-07,2109,Aqua,MODIS,39,6.03,287.4,3.9,D,0
49.8285,-123.0176,302.0,2.2,1.4,2022-09-08,2152,Aqua,MODIS,26,6.03,286.4,13.9,D,0
48.3288,-123.5624,314.7,1.1,1.0,2022-09-27,1916,Terra,MODIS,56,6.03,297.8,13.2,D,0
49.1376,-123.0917,306.4,1.0,1.0,2022-10-08,1857,Terra,MODIS,46,6.03,295.8,4.5,D,2
48.9064,-123.923,317.3,1.8,1.3,2022-10-31,1836,Terra,MODIS,51,6.03,275.0,45.6,D,0
48.5027,-123.9177,307.9,1.1,1.0,2022-11-01,1917,Terra,MODIS,58,6.03,272.6,14.2,D,0
48.512,-123.882,338.2,1.3,1.1,2022-11-01,2059,Aqua,MODIS,79,6.03,277.7,67.3,D,0
48.5109,-123.9051,315.1,1.4,1.2,2022-11-02,2141,Aqua,MODIS,0,6.03,274.2,28.3,D,0
49.3699,-122.0148,308.5,1.7,1.3,2022-11-02,2141,Aqua,MODIS,34,6.03,279.1,24.6,D,0
49.7017,-122.3726,307.7,1.7,1.3,2022-11-02,2141,Aqua,MODIS,50,6.03,275.8,24.6,D,0
49.7229,-122.359,300.9,1.2,1.1,2022-11-03,0529,Terra,MODIS,35,6.03,271.1,11.8,N,0
48.4991,-123.6879,326.8,1.3,1.1,2022-11-05,1845,Terra,MODIS,85,6.03,278.2,41.3,D,0
48.4891,-123.6904,304.7,1.3,1.1,2022-11-05,1845,Terra,MODIS,60,6.03,277.6,14.1,D,0
48.4809,-123.7101,330.4,1.3,1.1,2022-11-05,1845,Terra,MODIS,87,6.03,278.6,48.7,D,0
48.4789,-123.6916,308.1,1.3,1.1,2022-11-05,1845,Terra,MODIS,67,6.03,276.8,17.2,D,0
48.6463,-123.9188,361.5,1.2,1.1,2022-11-08,2102,Aqua,MODIS,0,6.03,273.6,127.8,D,0
49.2047,-122.1897,300.9,1.1,1.0,2022-11-08,2102,Aqua,MODIS,43,6.03,271.5,10.2,D,0
49.2022,-122.2041,308.4,1.1,1.0,2022-11-08,2102,Aqua,MODIS,67,6.03,272.2,14.9,D,0
48.9761,-123.9872,319.8,2.6,1.5,2022-11-09,1951,Terra,MODIS,80,6.03,271.7,89.5,D,0
48.9635,-123.9963,310.9,2.6,1.5,2022-11-09,1951,Terra,MODIS,71,6.03,271.1,58.5,D,0
49.3684,-122.0407,315.4,1.9,1.3,2022-11-09,2145,Aqua,MODIS,76,6.03,273.5,48.5,D,0
49.3715,-122.0479,308.9,1.9,1.3,2022-11-09,2145,Aqua,MODIS,68,6.03,273.0,33.3,D,0
48.9659,-123.9911,320.5,1.6,1.3,2022-11-10,0523,Terra,MODIS,100,6.03,269.2,50.3,N,0
49.3677,-122.0054,302.4,1.0,1.0,2022-11-15,2106,Aqua,MODIS,52,6.03,278.7,8.7,D,0
49.1909,-122.1669,317.3,1.1,1.0,2022-11-17,1848,Terra,MODIS,77,6.03,279.5,21.8,D,0
49.2868,-122.1211,301.5,1.7,1.3,2022-11-19,2040,Aqua,MODIS,48,6.03,273.6,19.6,D,0
49.6044,-123.9132,344.6,1.0,1.0,2022-11-27,1907,Terra,MODIS,94,6.03,272.5,57.1,D,0
49.6064,-123.9266,361.4,1.0,1.0,2022-11-27,1907,Terra,MODIS,100,6.03,274.9,95.5,D,0
48.7412,-123.9909,316.7,1.0,1.0,2022-11-27,1908,Terra,MODIS,61,6.03,273.4,17.9,D,0
48.7324,-123.9938,322.8,1.0,1.0,2022-11-27,1908,Terra,MODIS,61,6.03,273.1,23.4,D,0
48.6921,-123.9045,322.2,1.0,1.0,2022-11-27,2126,Aqua,MODIS,66,6.03,272.4,23.8,D,0
48.7082,-123.9238,315.0,1.0,1.0,2022-11-27,2126,Aqua,MODIS,33,6.03,272.0,16.5,D,0
49.6027,-123.9241,336.7,1.0,1.0,2022-11-27,2126,Aqua,MODIS,90,6.03,273.9,46.6,D,0
49.4393,-123.5164,304.8,1.0,1.0,2023-01-28,2112,Aqua,MODIS,45,61.03,276.8,11.5,D,0
49.5614,-123.9406,311.9,1.1,1.1,2023-02-23,2134,Aqua,MODIS,51,61.03,270.2,17.9,D,0
49.5707,-123.9434,318.8,1.1,1.1,2023-02-23,2134,Aqua,MODIS,70,61.03,271.5,25.5,D,0
49.1751,-122.6842,302.1,1.0,1.0,2023-04-12,1858,Terra,MODIS,41,61.03,289.9,4.2,D,2
49.129,-122.5975,302.9,1.8,1.3,2023-04-14,2046,Aqua,MODIS,51,61.03,287.8,9.8,D,0
49.1237,-122.6206,312.3,1.8,1.3,2023-04-14,2046,Aqua,MODIS,72,61.03,289.2,23.8,D,0
49.0489,-123.8298,304.5,1.2,1.1,2023-05-02,0559,Terra,MODIS,60,61.03,272.2,12.7,N,0
49.2994,-122.2225,316.8,1.3,1.1,2023-05-15,1834,Terra,MODIS,68,61.03,297.4,15.2,D,0
49.2978,-122.2223,320.6,1.0,1.0,2023-05-15,2114,Aqua,MODIS,69,61.03,300.1,13.9,D,0
49.4833,-122.0301,309.9,3.3,1.7,2023-06-04,2210,Aqua,MODIS,60,61.03,291.9,52.2,D,0
49.3475,-122.0372,306.9,2.3,1.5,2023-06-05,0615,Terra,MODIS,70,61.03,282.5,34.1,N,0
49.3582,-122.0487,307.5,2.3,1.5,2023-06-05,0615,Terra,MODIS,71,61.03,282.6,33.9,N,0
49.3601,-122.0143,310.0,2.3,1.5,2023-06-05,0615,Terra,MODIS,79,61.03,282.3,40.2,N,0
49.3613,-122.0175,323.2,1.8,1.3,2023-06-05,1004,Aqua,MODIS,100,61.03,280.6,58.4,N,0
49.3558,-122.0068,308.5,2.5,1.5,2023-06-05,1809,Terra,MODIS,66,61.03,291.4,32.9,D,0
49.3495,-122.0011,306.7,2.5,1.5,2023-06-05,1809,Terra,MODIS,60,61.03,290.9,26.2,D,0
49.3511,-122.0343,307.0,2.5,1.5,2023-06-05,1809,Terra,MODIS,61,61.03,290.6,27.1,D,0
49.3479,-122.0234,307.3,3.4,1.7,2023-06-05,1947,Terra,MODIS,65,61.03,290.7,48.6,D,0
49.344,-122.021,304.9,3.4,1.7,2023-06-05,1947,Terra,MODIS,60,61.03,290.4,42.2,D,0
49.3454,-122.0205,329.3,1.0,1.0,2023-06-05,2113,Aqua,MODIS,85,61.03,298.4,26.1,D,0
49.3542,-122.0236,310.6,1.0,1.0,2023-06-05,2113,Aqua,MODIS,66,61.03,296.3,8.0,D,0
49.3477,-122.0297,309.6,1.2,1.1,2023-06-06,0518,Terra,MODIS,78,61.03,285.8,16.0,N,0
49.3566,-122.0175,313.1,1.1,1.0,2023-06-06,1046,Aqua,MODIS,86,61.03,285.0,16.1,N,0
49.3458,-122.0196,349.7,1.0,1.0,2023-06-06,1850,Terra,MODIS,96,61.03,302.1,58.9,D,0
49.3477,-122.033,354.6,1.0,1.0,2023-06-06,1850,Terra,MODIS,97,61.03,299.5,70.2,D,0
49.3546,-122.0166,338.1,1.0,1.0,2023-06-06,1850,Terra,MODIS,90,61.03,304.9,37.2,D,0
49.3565,-122.03,366.6,1.0,1.0,2023-06-06,1850,Terra,MODIS,94,61.03,306.8,102.8,D,0
49.5004,-122.0275,370.2,2.1,1.4,2023-06-06,2155,Aqua,MODIS,100,61.03,299.1,336.1,D,0
49.3446,-122.0439,312.5,2.1,1.4,2023-06-06,2155,Aqua,MODIS,64,61.03,301.1,21.0,D,0
49.346,-122.0186,311.9,2.1,1.4,2023-06-06,2155,Aqua,MODIS,64,61.03,301.1,20.0,D,0
49.4907,-122.0062,312.5,1.4,1.2,2023-06-07,0559,Terra,MODIS,85,61.03,290.7,19.0,N,0
49.5012,-122.008,335.2,1.4,1.2,2023-06-07,0559,Terra,MODIS,100,61.03,293.5,60.9,N,0
49.5115,-122.0109,350.2,1.4,1.2,2023-06-07,0559,Terra,MODIS,100,61.03,293.8,106.8,N,0
49.5098,-122.0299,302.2,1.4,1.2,2023-06-07,0559,Terra,MODIS,47,61.03,289.3,9.9,N,0
49.5035,-122.0133,311.5,2.1,1.4,2023-06-07,1930,Terra,MODIS,51,61.03,297.1,24.6,D,0
49.4968,-122.014,314.5,1.3,1.1,2023-06-07,2059,Aqua,MODIS,30,61.03,288.9,13.9,D,0
49.498,-122.0072,314.5,1.9,1.3,2023-06-08,0502,Terra,MODIS,89,61.03,292.2,33.6,N,0
49.5095,-122.0122,318.6,1.9,1.3,2023-06-08,0502,Terra,MODIS,97,61.03,290.5,43.3,N,0
49.5187,-122.053,311.0,4.8,2.0,2023-06-08,0640,Terra,MODIS,73,61.03,284.8,116.4,N,0
49.5195,-122.0478,314.7,4.8,2.0,2023-06-08,0640,Terra,MODIS,86,61.03,285.1,143.4,N,0
49.5193,-122.0091,306.7,1.0,1.0,2023-06-08,1032,Aqua,MODIS,69,61.03,287.1,8.5,N,0
49.4831,-123.7182,309.3,1.1,1.0,2023-06-30,1848,Terra,MODIS,15,61.03,298.1,6.2,D,0
49.6922,-122.9197,326.2,1.0,1.0,2023-07-05,1856,Terra,MODIS,78,61.03,297.8,21.1,D,0
49.315,-122.2554,308.4,1.7,1.3,2023-07-06,0605,Terra,MODIS,29,61.03,291.5,16.6,N,0
49.3169,-122.2509,306.7,1.7,1.3,2023-07-06,0605,Terra,MODIS,69,61.03,291.4,16.0,N,0
49.3184,-122.2319,300.9,1.7,1.3,2023-07-06,0605,Terra,MODIS,35,61.03,290.5,9.0,N,0
49.3165,-122.2361,316.6,1.7,1.3,2023-07-06,0605,Terra,MODIS,93,61.03,291.4,31.2,N,0
49.6956,-122.9077,315.8,2.4,1.5,2023-07-06,1937,Terra,MODIS,55,61.03,292.8,47.3,D,0
49.7533,-123.6393,301.2,1.0,1.0,2023-07-10,1904,Terra,MODIS,18,61.03,289.7,3.2,D,0
48.9913,-123.8279,308.2,1.8,1.3,2023-07-13,1928,Terra,MODIS,47,61.03,297.6,14.8,D,0
49.2972,-122.2356,308.3,1.2,1.1,2023-07-13,2137,Aqua,MODIS,27,61.03,294.5,6.8,D,0
49.312,-122.2279,314.9,1.1,1.0,2023-07-19,1839,Terra,MODIS,59,61.03,297.0,11.8,D,0
49.3142,-122.226,309.3,1.1,1.1,2023-07-20,0548,Terra,MODIS,77,61.03,291.3,10.5,N,0
49.3127,-122.2398,305.8,1.1,1.1,2023-07-20,0548,Terra,MODIS,66,61.03,293.4,7.7,N,0
49.316,-122.2293,305.4,1.1,1.0,2023-07-20,1026,Aqua,MODIS,64,61.03,290.6,8.4,N,0
49.3115,-122.2224,313.5,1.6,1.3,2023-07-20,1919,Terra,MODIS,63,61.03,295.3,19.4,D,0
49.3078,-122.2323,350.0,1.2,1.1,2023-07-20,2136,Aqua,MODIS,90,61.03,300.7,72.3,D,0
49.4735,-122.305,301.1,1.1,1.1,2023-07-31,1838,Terra,MODIS,27,61.03,289.0,2.6,D,0
49.2383,-122.7714,313.6,1.0,1.0,2023-08-17,1845,Terra,MODIS,14,61.03,302.6,8.3,D,2
49.1267,-122.6033,320.5,1.0,1.0,2023-08-17,2130,Aqua,MODIS,62,61.03,302.9,7.2,D,0
49.123,-122.6309,323.1,1.0,1.0,2023-08-17,2130,Aqua,MODIS,65,61.03,304.7,8.7,D,2
49.484,-122.0049,314.7,3.2,1.7,2023-08-18,2212,Aqua,MODIS,71,61.03,293.8,65.0,D,0
49.3122,-122.2218,312.9,1.1,1.0,2023-08-27,1900,Terra,MODIS,64,61.03,298.2,9.5,D,0
49.3165,-122.2238,302.4,4.1,1.9,2023-08-28,0432,Terra,MODIS,49,61.03,292.3,32.7,N,0
49.3095,-122.2235,304.7,2.1,1.4,2023-08-28,0609,Terra,MODIS,61,61.03,292.0,16.4,N,0
49.321,-122.206,320.3,3.1,1.7,2023-08-28,0950,Aqua,MODIS,100,61.03,289.1,100.9,N,0
49.3241,-122.2165,305.4,3.1,1.7,2023-08-28,0950,Aqua,MODIS,64,61.03,289.0,39.3,N,0
49.309,-122.218,318.2,3.1,1.7,2023-08-28,0950,Aqua,MODIS,96,61.03,289.4,87.9,N,0
49.3739,-122.0198,311.1,2.7,1.6,2023-08-28,1803,Terra,MODIS,65,61.03,292.5,35.4,D,0
49.3067,-122.2118,310.2,2.8,1.6,2023-08-28,1803,Terra,MODIS,47,61.03,292.7,36.1,D,0
49.3169,-122.2183,313.8,2.8,1.6,2023-08-28,1803,Terra,MODIS,51,61.03,292.9,48.3,D,0
49.3814,-122.0141,308.0,1.4,1.2,2023-08-28,2059,Aqua,MODIS,51,61.03,295.2,9.0,D,0
49.3097,-122.2301,320.7,1.4,1.2,2023-08-28,2059,Aqua,MODIS,77,61.03,294.3,26.6,D,0
49.3044,-122.2337,318.7,1.4,1.2,2023-08-28,2059,Aqua,MODIS,62,61.03,294.0,22.8,D,0
49.3781,-122.0306,323.8,1.4,1.2,2023-08-28,2059,Aqua,MODIS,80,61.03,295.7,30.5,D,0
49.0399,-122.1306,318.1,1.1,1.0,2023-09-02,2112,Aqua,MODIS,74,61.03,301.1,11.4,D,0
49.0678,-122.0803,314.7,1.1,1.0,2023-09-02,2112,Aqua,MODIS,34,61.03,300.9,7.6,D,0
49.0231,-122.3404,318.9,1.1,1.0,2023-09-02,2112,Aqua,MODIS,40,61.03,302.0,6.6,D,0
49.0998,-122.0625,317.3,1.1,1.0,2023-09-02,2112,Aqua,MODIS,72,61.03,299.0,8.6,D,0
49.7028,-123.5583,371.4,1.2,1.1,2023-09-09,2110,Aqua,MODIS,0,61.03,297.1,159.7,D,0
49.715,-123.5481,309.1,1.2,1.1,2023-09-09,2110,Aqua,MODIS,0,61.03,292.8,10.7,D,0
49.7125,-123.5615,314.7,1.2,1.1,2023-09-09,2110,Aqua,MODIS,71,61.03,292.8,16.5,D,0
49.7127,-123.5489,359.6,1.5,1.2,2023-09-10,0511,Terra,MODIS,100,61.03,294.8,156.3,N,0
49.7096,-123.564,400.9,1.5,1.2,2023-09-10,0511,Terra,MODIS,100,61.03,300.2,475.0,N,0
49.7097,-123.5465,331.8,1.0,1.0,2023-09-10,1042,Aqua,MODIS,100,61.03,288.2,33.2,N,0
49.7114,-123.5595,318.1,1.0,1.0,2023-09-10,1042,Aqua,MODIS,96,61.03,284.8,17.9,N,0
49.7185,-123.5436,305.8,1.0,1.0,2023-09-10,1042,Aqua,MODIS,66,61.03,283.0,9.3,N,0
49.7203,-123.5565,303.5,1.0,1.0,2023-09-10,1042,Aqua,MODIS,55,61.03,283.4,8.1,N,0
49.938,-123.7917,312.0,1.0,1.0,2023-09-10,1042,Aqua,MODIS,84,61.03,288.5,12.8,N,0
49.9487,-123.8017,303.8,1.0,1.0,2023-09-10,1042,Aqua,MODIS,57,61.03,287.8,7.5,N,0
49.9363,-123.7835,303.8,1.0,1.0,2023-09-14,2123,Aqua,MODIS,56,61.03,293.3,5.8,D,0
49.9341,-123.7973,307.9,1.0,1.0,2023-09-14,2123,Aqua,MODIS,66,61.03,293.5,8.4,D,0
49.9436,-123.7926,305.7,1.0,1.0,2023-09-15,1055,Aqua,MODIS,65,61.03,287.1,9.7,N,0
49.9411,-123.7777,303.3,1.0,1.0,2023-09-15,1055,Aqua,MODIS,54,61.03,285.0,8.2,N,0
49.7176,-123.548,304.8,1.0,1.0,2023-09-15,1850,Terra,MODIS,52,61.03,292.8,5.0,D,0
49.9346,-123.7803,327.0,1.0,1.0,2023-09-15,1850,Terra,MODIS,85,61.03,292.9,25.6,D,0
49.9364,-123.7938,341.8,1.0,1.0,2023-09-15,1850,Terra,MODIS,93,61.03,295.4,47.3,D,0
49.9276,-123.789,308.9,4.0,1.9,2023-09-15,2027,Aqua,MODIS,64,61.03,293.0,68.7,D,0
49.9322,-123.7962,309.8,4.0,1.9,2023-09-15,2027,Aqua,MODIS,65,61.03,293.2,67.5,D,0
49.9397,-123.7936,328.7,1.4,1.2,2023-09-16,0559,Terra,MODIS,100,61.03,289.0,45.7,N,0
49.9459,-123.766,313.2,3.0,1.7,2023-09-16,0958,Aqua,MODIS,87,61.03,286.7,72.0,N,0
49.9449,-123.7704,315.8,3.0,1.7,2023-09-16,0958,Aqua,MODIS,92,61.03,286.9,82.3,N,0
49.9359,-123.7942,308.9,2.0,1.4,2023-09-16,1931,Terra,MODIS,68,61.03,291.1,23.6,D,0
49.9406,-123.7891,311.1,2.0,1.4,2023-09-16,1931,Terra,MODIS,71,61.03,290.3,29.7,D,0
49.5158,-122.0336,328.3,1.1,1.1,2023-09-16,2108,Aqua,MODIS,85,61.03,297.4,30.8,D,0
49.9325,-123.781,345.4,1.3,1.1,2023-09-16,2108,Aqua,MODIS,94,61.03,293.5,76.4,D,0
49.9291,-123.7988,335.4,1.3,1.1,2023-09-16,2108,Aqua,MODIS,89,61.03,293.6,51.7,D,0
49.9309,-123.7871,341.1,1.3,1.1,2023-09-16,2108,Aqua,MODIS,92,61.03,293.8,65.3,D,0
49.9274,-123.805,310.3,1.3,1.1,2023-09-16,2108,Aqua,MODIS,58,61.03,292.6,12.4,D,0
49.9412,-123.7889,318.6,1.3,1.1,2023-09-16,2108,Aqua,MODIS,79,61.03,291.7,23.3,D,0
49.9414,-123.7731,302.1,1.0,1.0,2023-09-17,1040,Aqua,MODIS,46,61.03,277.2,8.4,N,0
49.947,-122.142,306.9,1.0,1.0,2023-09-17,1040,Aqua,MODIS,70,61.03,278.7,11.1,N,0
49.949,-122.1557,332.5,1.0,1.0,2023-09-17,1040,Aqua,MODIS,100,61.03,284.2,36.2,N,0
49.4577,-122.182,302.7,1.2,1.1,2023-09-17,1834,Terra,MODIS,53,61.03,280.1,6.8,D,0
49.5226,-122.031,305.9,1.1,1.1,2023-09-17,1834,Terra,MODIS,57,61.03,284.1,8.4,D,0
49.0054,-122.387,306.4,1.1,1.0,2023-09-20,1858,Terra,MODIS,63,61.03,290.4,7.2,D,0
49.9339,-123.7815,319.5,1.1,1.0,2023-09-21,2121,Aqua,MODIS,79,61.03,292.5,19.5,D,0
49.943,-123.7872,304.9,1.9,1.3,2023-09-22,2202,Aqua,MODIS,60,61.03,289.1,15.8,D,0
48.6009,-123.4037,314.3,1.1,1.0,2023-09-28,2118,Aqua,MODIS,56,61.03,290.2,14.0,D,0
49.078,-123.989,302.7,1.1,1.1,2023-10-04,1840,Terra,MODIS,53,61.03,286.5,6.6,D,0
49.0742,-123.9963,306.4,1.1,1.1,2023-10-04,1840,Terra,MODIS,63,61.03,286.2,9.6,D,0
49.507,-123.5409,308.8,2.2,1.4,2023-10-13,1814,Terra,MODIS,68,61.03,281.4,33.6,D,0
49.5078,-123.5471,310.9,2.2,1.4,2023-10-13,1814,Terra,MODIS,71,61.03,282.3,40.5,D,0
49.6495,-122.0164,302.9,1.8,1.3,2023-10-13,1814,Terra,MODIS,54,61.03,283.8,17.7,D,0
48.9169,-123.8397,303.1,1.1,1.0,2023-10-17,0547,Terra,MODIS,53,61.03,277.6,10.4,N,0
49.937,-122.4796,306.8,1.2,1.1,2023-10-19,2110,Aqua,MODIS,0,61.03,278.2,11.7,D,0
49.9342,-122.4677,309.5,1.2,1.1,2023-10-21,0514,Terra,MODIS,66,61.03,270.6,17.8,N,0
49.9086,-123.1148,307.0,1.4,1.2,2023-10-23,1828,Terra,MODIS,61,61.03,275.1,18.1,D,0
49.9106,-123.1365,302.7,1.4,1.2,2023-10-23,1828,Terra,MODIS,50,61.03,277.1,13.2,D,0
48.4438,-123.9164,321.2,1.7,1.3,2023-10-25,2203,Aqua,MODIS,57,61.03,278.6,46.0,D,0
48.4552,-123.919,350.5,1.7,1.3,2023-10-25,2203,Aqua,MODIS,90,61.03,279.0,143.6,D,0
48.4861,-123.6873,320.9,1.8,1.3,2023-10-25,2203,Aqua,MODIS,43,61.03,278.2,46.3,D,0
48.4532,-123.9262,341.9,1.7,1.3,2023-10-25,2203,Aqua,MODIS,86,61.03,280.0,106.3,D,0
48.4829,-123.6941,314.7,1.8,1.3,2023-10-25,2203,Aqua,MODIS,62,61.03,278.0,36.7,D,0
48.487,-123.7921,317.7,1.7,1.3,2023-10-25,2203,Aqua,MODIS,68,61.03,277.8,43.8,D,0
48.4578,-123.9149,301.1,1.2,1.1,2023-10-26,0520,Terra,MODIS,37,61.03,272.7,12.9,N,0
49.9234,-123.1301,319.4,1.3,1.1,2023-10-26,2107,Aqua,MODIS,79,61.03,275.2,32.8,D,0
49.9193,-123.1508,323.2,1.3,1.1,2023-10-26,2107,Aqua,MODIS,82,61.03,278.8,38.2,D,0
48.5065,-123.909,302.7,1.9,1.3,2023-10-30,1819,Terra,MODIS,53,61.03,281.8,20.7,D,0
48.5026,-123.9419,304.3,1.9,1.3,2023-10-30,1819,Terra,MODIS,55,61.03,280.1,21.4,D,0
48.4986,-123.9338,309.5,3.7,1.8,2023-10-30,2037,Aqua,MODIS,65,61.03,282.8,81.7,D,0
48.5064,-123.9461,309.6,3.7,1.8,2023-10-30,2037,Aqua,MODIS,69,61.03,282.1,82.3,D,0
48.5042,-123.939,321.1,2.4,1.5,2023-10-30,2215,Aqua,MODIS,56,61.03,285.1,77.5,D,0
48.5137,-123.9151,316.9,1.1,1.0,2023-10-31,0528,Terra,MODIS,94,61.03,275.4,22.1,N,0
48.9853,-123.9961,314.8,1.0,1.0,2023-10-31,1900,Terra,MODIS,75,61.03,276.4,18.4,D,0
48.9877,-123.9924,313.3,1.2,1.1,2023-10-31,2118,Aqua,MODIS,73,61.03,276.8,20.2,D,0
49.381,-122.1437,311.5,1.0,1.0,2023-10-31,2118,Aqua,MODIS,71,61.03,281.9,14.9,D,0
49.3789,-122.1568,307.5,1.0,1.0,2023-10-31,2118,Aqua,MODIS,65,61.03,279.6,12.0,D,0
48.7064,-123.7894,326.0,1.7,1.3,2023-11-02,2103,Aqua,MODIS,75,61.03,279.8,55.8,D,0
48.7099,-123.8051,310.6,1.2,1.1,2023-11-03,0552,Terra,MODIS,80,61.03,279.0,16.4,N,0
48.7133,-123.8116,311.1,1.2,1.1,2023-11-03,0552,Terra,MODIS,82,61.03,279.1,17.4,N,0
48.6679,-123.7529,338.1,1.5,1.2,2023-11-04,1826,Terra,MODIS,72,61.03,282.1,72.1,D,0
48.6573,-123.7562,366.2,1.5,1.2,2023-11-04,1826,Terra,MODIS,94,61.03,282.6,186.4,D,0
48.6697,-123.7721,341.5,1.5,1.2,2023-11-04,1826,Terra,MODIS,79,61.03,281.1,82.2,D,0
48.6715,-123.7468,315.5,1.5,1.2,2023-11-04,1826,Terra,MODIS,53,61.03,279.7,27.1,D,0
48.6625,-123.7682,354.0,1.5,1.2,2023-11-04,1826,Terra,MODIS,73,61.03,281.8,127.5,D,0
48.6608,-123.7493,361.6,1.5,1.2,2023-11-04,1826,Terra,MODIS,94,61.03,283.3,160.7,D,0
48.7028,-123.8981,341.9,1.0,1.0,2023-11-07,1850,Terra,MODIS,93,61.03,281.7,49.7,D,0
48.7009,-123.8849,320.1,1.0,1.0,2023-11-07,1850,Terra,MODIS,80,61.03,280.2,20.7,D,0
48.694,-123.9009,303.9,1.0,1.0,2023-11-07,1850,Terra,MODIS,48,61.03,279.8,8.1,D,0
48.6349,-123.8159,310.8,1.0,1.0,2023-11-07,1850,Terra,MODIS,70,61.03,280.9,13.7,D,0
48.6352,-123.8252,324.8,1.3,1.1,2023-11-07,2115,Aqua,MODIS,83,61.03,279.6,36.6,D,0
48.6962,-123.8941,317.9,1.3,1.1,2023-11-07,2115,Aqua,MODIS,78,61.03,274.7,28.0,D,0
48.6932,-123.9101,305.6,1.3,1.1,2023-11-07,2115,Aqua,MODIS,62,61.03,273.7,15.0,D,0
48.6255,-123.8213,310.7,1.3,1.1,2023-11-07,2115,Aqua,MODIS,58,61.03,280.5,17.7,D,0
49.3195,-122.2562,302.8,1.7,1.3,2023-11-16,2056,Aqua,MODIS,40,61.03,274.4,20.4,D,0
49.2466,-122.1042,302.9,1.1,1.0,2023-11-24,1854,Terra,MODIS,54,61.03,276.2,10.5,D,0
